CREATE DATABASE  IF NOT EXISTS `gaarma` /*!40100 DEFAULT CHARACTER SET utf8 */;
USE `gaarma`;
-- MySQL dump 10.13  Distrib 5.7.17, for Win64 (x86_64)
--
-- Host: localhost    Database: gaarma
-- ------------------------------------------------------
-- Server version	5.7.21-log

/*!40101 SET @OLD_CHARACTER_SET_CLIENT=@@CHARACTER_SET_CLIENT */;
/*!40101 SET @OLD_CHARACTER_SET_RESULTS=@@CHARACTER_SET_RESULTS */;
/*!40101 SET @OLD_COLLATION_CONNECTION=@@COLLATION_CONNECTION */;
/*!40101 SET NAMES utf8 */;
/*!40103 SET @OLD_TIME_ZONE=@@TIME_ZONE */;
/*!40103 SET TIME_ZONE='+00:00' */;
/*!40014 SET @OLD_UNIQUE_CHECKS=@@UNIQUE_CHECKS, UNIQUE_CHECKS=0 */;
/*!40014 SET @OLD_FOREIGN_KEY_CHECKS=@@FOREIGN_KEY_CHECKS, FOREIGN_KEY_CHECKS=0 */;
/*!40101 SET @OLD_SQL_MODE=@@SQL_MODE, SQL_MODE='NO_AUTO_VALUE_ON_ZERO' */;
/*!40111 SET @OLD_SQL_NOTES=@@SQL_NOTES, SQL_NOTES=0 */;

--
-- Table structure for table `tbl_game`
--

DROP TABLE IF EXISTS `tbl_game`;
/*!40101 SET @saved_cs_client     = @@character_set_client */;
/*!40101 SET character_set_client = utf8 */;
CREATE TABLE `tbl_game` (
  `id` int(11) NOT NULL,
  `name` varchar(255) DEFAULT NULL,
  `img_src` varchar(255) DEFAULT NULL,
  `href` varchar(255) DEFAULT NULL,
  `price` varchar(155) DEFAULT NULL,
  PRIMARY KEY (`id`)
) ENGINE=InnoDB DEFAULT CHARSET=utf8;
/*!40101 SET character_set_client = @saved_cs_client */;

--
-- Dumping data for table `tbl_game`
--

LOCK TABLES `tbl_game` WRITE;
/*!40000 ALTER TABLE `tbl_game` DISABLE KEYS */;
INSERT INTO `tbl_game` VALUES (228380,'Wreckfest','https://steamcdn-a.akamaihd.net/steam/apps/228380/capsule_184x69.jpg?t=1529000300','https://store.steampowered.com/app/228380/Wreckfest/?snr=1_tags_4__103','490.000₫'),(283540,'RPG Maker VX Ace - Karugamo Fantasy BGM Pack 08','https://steamcdn-a.akamaihd.net/steam/apps/283540/capsule_sm_120.jpg?t=1529642921','https://store.steampowered.com/app/283540/RPG_Maker_VX_Ace__Karugamo_Fantasy_BGM_Pack_08/?snr=1_7_7_230_150_9','108.000₫'),(328300,'Quest for Infamy Demo','https://steamcdn-a.akamaihd.net/steam/apps/328300/capsule_sm_120.jpg?t=1529609791','https://store.steampowered.com/app/328300/Quest_for_Infamy_Demo/?snr=1_7_7_230_150_10','Free Demo'),(349470,'Drift Stage','https://steamcdn-a.akamaihd.net/steam/apps/349470/capsule_sm_120.jpg?t=1527305374','https://store.steampowered.com/app/349470/Drift_Stage/?snr=1_7_7_230_150_2',''),(379555,'FSX: Steam Edition: Flight Tales II - Adrenaline','https://steamcdn-a.akamaihd.net/steam/apps/379555/capsule_sm_120.jpg?t=1529931853','https://store.steampowered.com/app/379555/FSX_Steam_Edition_Flight_Tales_II__Adrenaline/?snr=1_7_7_230_150_17','185.000₫'),(438210,'MULE Returns','https://steamcdn-a.akamaihd.net/steam/apps/438210/capsule_sm_120.jpg?t=1525342228','https://store.steampowered.com/app/438210/MULE_Returns/?snr=1_7_7_230_150_5',''),(440120,'Vreal','https://steamcdn-a.akamaihd.net/steam/apps/440120/capsule_sm_120.jpg?t=1530115592','https://store.steampowered.com/app/440120/Vreal/?snr=1_7_7_230_150_3','Free'),(445700,'Darkest Dungeon®: The Musketeer','https://steamcdn-a.akamaihd.net/steam/apps/445700/capsule_sm_120.jpg?t=1529426011','https://store.steampowered.com/app/445700/Darkest_Dungeon_The_Musketeer/?snr=1_7_7_230_150_16','Free'),(451410,'The Elder Scrolls III: Morrowind Soundtrack','https://steamcdn-a.akamaihd.net/steam/apps/451410/capsule_sm_120.jpg?t=1529618202','https://store.steampowered.com/app/451410/The_Elder_Scrolls_III_Morrowind_Soundtrack/?snr=1_7_7_230_150_10',''),(452070,'The Elder Scrolls IV: Oblivion - Soundtrack','https://steamcdn-a.akamaihd.net/steam/apps/452070/capsule_sm_120.jpg?t=1529674798','https://store.steampowered.com/app/452070/The_Elder_Scrolls_IV_Oblivion__Soundtrack/?snr=1_7_7_230_150_8',''),(452290,'Rage Soundtrack','https://steamcdn-a.akamaihd.net/steam/apps/452290/capsule_sm_120.jpg?t=1529611726','https://store.steampowered.com/app/452290/Rage_Soundtrack/?snr=1_7_7_230_150_10',''),(455050,'Dishonored Soundtrack','https://steamcdn-a.akamaihd.net/steam/apps/455050/capsule_sm_120.jpg?t=1529606600','https://store.steampowered.com/app/455050/Dishonored_Soundtrack/?snr=1_7_7_230_150_11',''),(460060,'Varenje','https://steamcdn-a.akamaihd.net/steam/apps/460060/capsule_sm_120.jpg?t=1529951869','https://store.steampowered.com/app/460060/Varenje/?snr=1_7_7_230_150_1','Free to Play'),(461150,'Fallout 3 - Soundtrack','https://steamcdn-a.akamaihd.net/steam/apps/461150/capsule_sm_120.jpg?t=1529618316','https://store.steampowered.com/app/461150/Fallout_3__Soundtrack/?snr=1_7_7_230_150_10',''),(461160,'Fallout New Vegas - Soundtrack','https://steamcdn-a.akamaihd.net/steam/apps/461160/capsule_sm_120.jpg?t=1529618296','https://store.steampowered.com/app/461160/Fallout_New_Vegas__Soundtrack/?snr=1_7_7_230_150_10',''),(461870,'Police Simulator 18','https://steamcdn-a.akamaihd.net/steam/apps/461870/capsule_sm_120.jpg?t=1520962957','https://store.steampowered.com/app/461870/Police_Simulator_18/?snr=1_7_7_230_150_11',''),(489380,'QuiVr','https://steamcdn-a.akamaihd.net/steam/apps/489380/capsule_sm_120.jpg?t=1529338015','https://store.steampowered.com/app/489380/QuiVr/?snr=1_7_7_230_150_19','150.500₫'),(492180,'Haimrik','https://steamcdn-a.akamaihd.net/steam/apps/492180/capsule_sm_120.jpg?t=1529458127','https://store.steampowered.com/app/492180/Haimrik/?snr=1_7_7_230_150_17','160.000₫'),(495953,'Sniper Ghost Warrior 3 – Death Pool weapon skin pack','https://steamcdn-a.akamaihd.net/steam/apps/495953/capsule_sm_120.jpg?t=1529480848','https://store.steampowered.com/app/495953/Sniper_Ghost_Warrior_3__Death_Pool_weapon_skin_pack/?snr=1_7_7_230_150_15','43.000₫'),(495954,'Sniper Ghost Warrior 3 – Hexagon Ice weapon skin pack','https://steamcdn-a.akamaihd.net/steam/apps/495954/capsule_sm_120.jpg?t=1529480748','https://store.steampowered.com/app/495954/Sniper_Ghost_Warrior_3__Hexagon_Ice_weapon_skin_pack/?snr=1_7_7_230_150_15','43.000₫'),(509400,'Lost in Harmony','https://steamcdn-a.akamaihd.net/steam/apps/509400/capsule_sm_120.jpg?t=1529585876','https://store.steampowered.com/app/509400/Lost_in_Harmony/?snr=1_7_7_230_150_12','72.000₫'),(511840,'Business tour. Football: Coach','https://steamcdn-a.akamaihd.net/steam/apps/511840/capsule_sm_120.jpg?t=1529927597','https://store.steampowered.com/app/511840/Business_tour_Football_Coach/?snr=1_7_7_230_150_6','90.000₫'),(536670,'Fear Of Traffic','https://steamcdn-a.akamaihd.net/steam/apps/536670/capsule_sm_120.jpg?t=1530223470','https://store.steampowered.com/app/536670/Fear_Of_Traffic/?snr=1_7_7_230_150_1','56.000₫'),(547480,'Carly and the Reaperman - Escape from the Underworld','https://steamcdn-a.akamaihd.net/steam/apps/547480/capsule_sm_120.jpg?t=1529487296','https://store.steampowered.com/app/547480/Carly_and_the_Reaperman__Escape_from_the_Underworld/?snr=1_7_7_230_150_15','198.000₫'),(557520,'Torn','https://steamcdn-a.akamaihd.net/steam/apps/557520/capsule_sm_120.jpg?t=1525901649','https://store.steampowered.com/app/557520/Torn/?snr=1_7_7_230_150_4',''),(560080,'I may die!','https://steamcdn-a.akamaihd.net/steam/apps/560080/capsule_sm_120.jpg?t=1530172248','https://store.steampowered.com/app/560080/I_may_die/?snr=1_7_7_230_150_1','35.000₫'),(567160,'Katy and Bob: Safari Cafe',NULL,'https://store.steampowered.com/app/567160/Katy_and_Bob_Safari_Cafe/?snr=1_tags_4__103','70.000₫'),(574080,'Fog of War','https://steamcdn-a.akamaihd.net/steam/apps/574080/capsule_sm_120.jpg?t=1529357325','https://store.steampowered.com/app/574080/Fog_of_War/?snr=1_7_7_230_150_19','100.000₫'),(586170,'Mad Dojo','https://steamcdn-a.akamaihd.net/steam/apps/586170/capsule_184x69.jpg?t=1529590179','https://store.steampowered.com/app/586170/Mad_Dojo/?snr=1_tags_4__103','70.000₫'),(595110,'Gran Skrea Online','https://steamcdn-a.akamaihd.net/steam/apps/595110/capsule_184x69.jpg?t=1529500006','https://store.steampowered.com/app/595110/Gran_Skrea_Online/?snr=1_tags_4__103','120.000₫'),(611710,'Kaiju Big Battel: Fighto Fantasy','https://steamcdn-a.akamaihd.net/steam/apps/611710/capsule_sm_120.jpg?t=1528340995','https://store.steampowered.com/app/611710/Kaiju_Big_Battel_Fighto_Fantasy/?snr=1_7_7_230_150_13',''),(617590,'Affliction','https://steamcdn-a.akamaihd.net/steam/apps/617590/capsule_sm_120.jpg?t=1530042013','https://store.steampowered.com/app/617590/Affliction/?snr=1_7_7_230_150_6','45.000₫'),(621880,'Phoenix Dynasty 2','https://steamcdn-a.akamaihd.net/steam/apps/621880/capsule_184x69.jpg?t=1528727091','https://store.steampowered.com/app/621880/Phoenix_Dynasty_2/?snr=1_tags_4__103','Free To Play'),(640120,'Youropa','https://steamcdn-a.akamaihd.net/steam/apps/640120/capsule_sm_120.jpg?t=1530093595','https://store.steampowered.com/app/640120/Youropa/?snr=1_7_7_230_150_3','176.000₫'),(640850,'Clash of Cards','https://steamcdn-a.akamaihd.net/steam/apps/640850/capsule_sm_120.jpg?t=1529598754','https://store.steampowered.com/app/640850/Clash_of_Cards/?snr=1_7_7_230_150_11','39.000₫'),(646910,'The Crew™ 2','https://steamcdn-a.akamaihd.net/steam/apps/646910/capsule_sm_120.jpg?t=1530108979','https://store.steampowered.com/app/646910/The_Crew_2/?snr=1_7_7_230_150_5','990.000₫'),(649890,'Caliban Below','https://steamcdn-a.akamaihd.net/steam/apps/649890/capsule_sm_120.jpg?t=1529986314','https://store.steampowered.com/app/649890/Caliban_Below/?snr=1_7_7_230_150_15','Free'),(652660,'ESport Manager','https://steamcdn-a.akamaihd.net/steam/apps/652660/capsule_sm_120.jpg?t=1529353390','https://store.steampowered.com/app/652660/ESport_Manager/?snr=1_7_7_230_150_19','120.000₫'),(654187,'Blacksquad - EA FREE TIMED WEAPON PACKAGE 4','https://steamcdn-a.akamaihd.net/steam/apps/654187/capsule_sm_120.jpg?t=1530181719','https://store.steampowered.com/app/654187/Blacksquad__EA_FREE_TIMED_WEAPON_PACKAGE_4/?snr=1_7_7_230_150_15','Free To Play'),(654188,'Blacksquad - M40A5 FIRST RELEASE PACKAGE','https://steamcdn-a.akamaihd.net/steam/apps/654188/capsule_sm_120.jpg?t=1530182086','https://store.steampowered.com/app/654188/Blacksquad__M40A5_FIRST_RELEASE_PACKAGE/?snr=1_7_7_230_150_14','220.000₫'),(657810,'Blessed Surface','https://steamcdn-a.akamaihd.net/steam/apps/657810/capsule_sm_120.jpg?t=1529512069','https://store.steampowered.com/app/657810/Blessed_Surface/?snr=1_7_7_230_150_6',''),(660730,'Ventura Inc','https://steamcdn-a.akamaihd.net/steam/apps/660730/capsule_184x69.jpg?t=1527842853','https://store.steampowered.com/app/660730/Ventura_Inc/?snr=1_tags_4__103','185.000₫'),(669730,'Mind Trap','https://steamcdn-a.akamaihd.net/steam/apps/669730/capsule_sm_120.jpg?t=1529338356','https://store.steampowered.com/app/669730/Mind_Trap/?snr=1_7_7_230_150_19','58.000₫'),(673560,'IOSoccer','https://steamcdn-a.akamaihd.net/steam/apps/673560/capsule_184x69.jpg?t=1528511255','https://store.steampowered.com/app/673560/IOSoccer/?snr=1_tags_4__103','Free to Play'),(674240,'Overdriven Reloaded: The Original Soundtrack','https://steamcdn-a.akamaihd.net/steam/apps/674240/capsule_sm_120.jpg?t=1528302093','https://store.steampowered.com/app/674240/Overdriven_Reloaded_The_Original_Soundtrack/?snr=1_7_7_230_150_10',''),(676180,'Spaceguard 80','https://steamcdn-a.akamaihd.net/steam/apps/676180/capsule_sm_120.jpg?t=1529525607','https://store.steampowered.com/app/676180/Spaceguard_80/?snr=1_7_7_230_150_13','30.000₫'),(677480,'Outpost Zero','https://steamcdn-a.akamaihd.net/steam/apps/677480/capsule_sm_120.jpg?t=1527156442','https://store.steampowered.com/app/677480/Outpost_Zero/?snr=1_7_7_230_150_13',''),(679750,'Catch&amp; Release','https://steamcdn-a.akamaihd.net/steam/apps/679750/capsule_184x69.jpg?t=1529058295','https://store.steampowered.com/app/679750/Catch__Release/?snr=1_tags_4__103','188.000₫'),(680860,'Evil Labs','https://steamcdn-a.akamaihd.net/steam/apps/680860/capsule_184x69.jpg?t=1529371522','https://store.steampowered.com/app/680860/Evil_Labs/?snr=1_tags_4__103','130.000₫'),(681660,'Bless Online','https://steamcdn-a.akamaihd.net/steam/apps/681660/capsule_184x69.jpg?t=1528425905','https://store.steampowered.com/app/681660/Bless_Online/?snr=1_tags_4__103','389.000₫'),(682620,'Cosmos Invictus','https://steamcdn-a.akamaihd.net/steam/apps/682620/capsule_sm_120.jpg?t=1530125327','https://store.steampowered.com/app/682620/Cosmos_Invictus/?snr=1_7_7_230_150_2','Free To Play'),(682880,'Figure Drawing Fundamentals','https://steamcdn-a.akamaihd.net/steam/apps/682880/capsule_sm_120.jpg?t=1529621837','https://store.steampowered.com/app/682880/Figure_Drawing_Fundamentals/?snr=1_7_7_230_150_10','497.000₫'),(684690,'Grid Cartographer 4','https://steamcdn-a.akamaihd.net/steam/apps/684690/capsule_sm_120.jpg?t=1529416714','https://store.steampowered.com/app/684690/Grid_Cartographer_4/?snr=1_7_7_230_150_17','390.000₫'),(689290,'My RC Buggy! VR','https://steamcdn-a.akamaihd.net/steam/apps/689290/capsule_184x69.jpg?t=1529046294','https://store.steampowered.com/app/689290/My_RC_Buggy_VR/?snr=1_tags_4__103','15.000₫'),(690530,'Soul at Stake','https://steamcdn-a.akamaihd.net/steam/apps/690530/capsule_sm_120.jpg?t=1529978374','https://store.steampowered.com/app/690530/Soul_at_Stake/?snr=1_7_7_230_150_5','108.000₫'),(697630,'WARMA','https://steamcdn-a.akamaihd.net/steam/apps/697630/capsule_sm_120.jpg?t=1529551787','https://store.steampowered.com/app/697630/WARMA/?snr=1_7_7_230_150_16','140.000₫'),(698230,'RockBuster','https://steamcdn-a.akamaihd.net/steam/apps/698230/capsule_sm_120.jpg?t=1529869489','https://store.steampowered.com/app/698230/RockBuster/?snr=1_7_7_230_150_11',''),(699170,'Fell Seal: Arbiter\'s Mark','https://steamcdn-a.akamaihd.net/steam/apps/699170/capsule_sm_120.jpg?t=1529984879','https://store.steampowered.com/app/699170/Fell_Seal_Arbiters_Mark/?snr=1_7_7_230_150_4',''),(708030,'Ultraball','https://steamcdn-a.akamaihd.net/steam/apps/708030/capsule_sm_120.jpg?t=1525371449','https://store.steampowered.com/app/708030/Ultraball/?snr=1_7_7_230_150_1','Free'),(708760,'Social Club VR : Casino Nights','https://steamcdn-a.akamaihd.net/steam/apps/708760/capsule_sm_120.jpg?t=1530034599','https://store.steampowered.com/app/708760/Social_Club_VR__Casino_Nights/?snr=1_7_7_230_150_11','169.000₫'),(710740,'Sniper Rust VR','https://steamcdn-a.akamaihd.net/steam/apps/710740/capsule_sm_120.jpg?t=1529409121','https://store.steampowered.com/app/710740/Sniper_Rust_VR/?snr=1_7_7_230_150_17','120.000₫'),(711810,'Never Split the Party','https://steamcdn-a.akamaihd.net/steam/apps/711810/capsule_sm_120.jpg?t=1529508757','https://store.steampowered.com/app/711810/Never_Split_the_Party/?snr=1_7_7_230_150_6','Free To Play'),(711960,'Paper Shakespeare Charity Scene: Seriously Why Are There STILL Nazis?','https://steamcdn-a.akamaihd.net/steam/apps/711960/capsule_sm_120.jpg?t=1529519972','https://store.steampowered.com/app/711960/Paper_Shakespeare_Charity_Scene_Seriously_Why_Are_There_STILL_Nazis/?snr=1_7_7_230_150_13','58.000₫'),(713170,'unBorn','https://steamcdn-a.akamaihd.net/steam/apps/713170/capsule_sm_120.jpg?t=1530142281','https://store.steampowered.com/app/713170/unBorn/?snr=1_7_7_230_150_2',''),(713360,'Beyond Arm\'s Reach','https://steamcdn-a.akamaihd.net/steam/apps/713360/capsule_sm_120.jpg?t=1522811110','https://store.steampowered.com/app/713360/Beyond_Arms_Reach/?snr=1_7_7_230_150_9',''),(717310,'Aggelos','https://steamcdn-a.akamaihd.net/steam/apps/717310/capsule_sm_120.jpg?t=1530015547','https://store.steampowered.com/app/717310/Aggelos/?snr=1_7_7_230_150_18','165.000₫'),(718790,'Warmonger','https://steamcdn-a.akamaihd.net/steam/apps/718790/capsule_184x69.jpg?t=1529235814','https://store.steampowered.com/app/718790/Warmonger/?snr=1_tags_4__103','Free To Play'),(720270,'Defense Task Force - Sci Fi Tower Defense','https://steamcdn-a.akamaihd.net/steam/apps/720270/capsule_sm_120.jpg?t=1530181138','https://store.steampowered.com/app/720270/Defense_Task_Force__Sci_Fi_Tower_Defense/?snr=1_7_7_230_150_17','176.000₫'),(721010,'Newton and the Apple Tree','https://steamcdn-a.akamaihd.net/steam/apps/721010/capsule_sm_120.jpg?t=1528131547','https://store.steampowered.com/app/721010/Newton_and_the_Apple_Tree/?snr=1_7_7_230_150_9',''),(726840,'City Game Studio','https://steamcdn-a.akamaihd.net/steam/apps/726840/capsule_sm_120.jpg?t=1516114722','https://store.steampowered.com/app/726840/City_Game_Studio/?snr=1_7_7_230_150_6',''),(728590,'Run Movie','https://steamcdn-a.akamaihd.net/steam/apps/728590/capsule_sm_120.jpg?t=1529743050','https://store.steampowered.com/app/728590/Run_Movie/?snr=1_7_7_230_150_7','12.000₫'),(728630,'Cardboard Wars','https://steamcdn-a.akamaihd.net/steam/apps/728630/capsule_sm_120.jpg?t=1530020177','https://store.steampowered.com/app/728630/Cardboard_Wars/?snr=1_7_7_230_150_6','123.500₫'),(734840,'Neon Defense 1 : Pink Power','https://steamcdn-a.akamaihd.net/steam/apps/734840/capsule_sm_120.jpg?t=1529686244','https://store.steampowered.com/app/734840/Neon_Defense_1__Pink_Power/?snr=1_7_7_230_150_8','11.000₫'),(735230,'Nobunaga\'s Ambition: Taishi - シナリオ「長篠の戦い」/Scenario&quot;The Battle of Nagashino&quot;','https://steamcdn-a.akamaihd.net/steam/apps/735230/capsule_sm_120.jpg?t=1530147706','https://store.steampowered.com/app/735230/Nobunagas_Ambition_Taishi__Scenario_The_Battle_of_Nagashino/?snr=1_7_7_230_150_2','43.000₫'),(735730,'Darkest Dungeon®: The Color Of Madness','https://steamcdn-a.akamaihd.net/steam/apps/735730/capsule_sm_120.jpg?t=1529427871','https://store.steampowered.com/app/735730/Darkest_Dungeon_The_Color_Of_Madness/?snr=1_7_7_230_150_16','70.000₫'),(735890,'CHRONOS RULER','https://steamcdn-a.akamaihd.net/steam/apps/735890/capsule_sm_120.jpg?t=1529620205','https://store.steampowered.com/app/735890/CHRONOS_RULER/?snr=1_7_7_230_150_14','188.500₫'),(736260,'Baba Is You','https://steamcdn-a.akamaihd.net/steam/apps/736260/capsule_sm_120.jpg?t=1528123925','https://store.steampowered.com/app/736260/Baba_Is_You/?snr=1_7_7_230_150_19',''),(737760,'EEP 14 Expert upgrade','https://steamcdn-a.akamaihd.net/steam/apps/737760/capsule_sm_120.jpg?t=1529337169','https://store.steampowered.com/app/737760/EEP_14_Expert_upgrade/?snr=1_7_7_230_150_19','220.000₫'),(743920,'Choo-Choo! Train Rides!','https://steamcdn-a.akamaihd.net/steam/apps/743920/capsule_sm_120.jpg?t=1529434381','https://store.steampowered.com/app/743920/ChooChoo_Train_Rides/?snr=1_7_7_230_150_10',''),(745520,'RoboVDino','https://steamcdn-a.akamaihd.net/steam/apps/745520/capsule_sm_120.jpg?t=1529557741','https://store.steampowered.com/app/745520/RoboVDino/?snr=1_7_7_230_150_18','59.500₫'),(745810,'Spirit Animal Survival','https://steamcdn-a.akamaihd.net/steam/apps/745810/capsule_184x69.jpg?t=1529874213','https://store.steampowered.com/app/745810/Spirit_Animal_Survival/?snr=1_tags_4__103','188.000₫'),(749780,'DEAD DOZEN Escape','https://steamcdn-a.akamaihd.net/steam/apps/749780/capsule_sm_120.jpg?t=1529644372','https://store.steampowered.com/app/749780/DEAD_DOZEN_Escape/?snr=1_7_7_230_150_18','49.500₫'),(752430,'Arcade Love / ゲーセンラブ。','https://steamcdn-a.akamaihd.net/steam/apps/752430/capsule_sm_120.jpg?t=1529855029','https://store.steampowered.com/app/752430/Arcade_Love/?snr=1_7_7_230_150_18','185.000₫'),(753270,'Henri\'s Secret','https://steamcdn-a.akamaihd.net/steam/apps/753270/capsule_sm_120.jpg?t=1530209800','https://store.steampowered.com/app/753270/Henris_Secret/?snr=1_7_7_230_150_1',''),(753811,'Rocksmith® 2014 Edition – Remastered – Radiohead Song Pack II','https://steamcdn-a.akamaihd.net/steam/apps/753811/capsule_sm_120.jpg?t=1529425790','https://store.steampowered.com/app/753811/Rocksmith_2014_Edition__Remastered__Radiohead_Song_Pack_II/?snr=1_7_7_230_150_16','100.000₫'),(753812,'Rocksmith® 2014 Edition – Remastered – Radiohead - “There There”','https://steamcdn-a.akamaihd.net/steam/apps/753812/capsule_sm_120.jpg?t=1529425911','https://store.steampowered.com/app/753812/Rocksmith_2014_Edition__Remastered__Radiohead__There_There/?snr=1_7_7_230_150_16','43.000₫'),(753813,'Rocksmith® 2014 Edition – Remastered – Radiohead - “Street Spirit (Fade Out)”','https://steamcdn-a.akamaihd.net/steam/apps/753813/capsule_sm_120.jpg?t=1529425969','https://store.steampowered.com/app/753813/Rocksmith_2014_Edition__Remastered__Radiohead__Street_Spirit_Fade_Out/?snr=1_7_7_230_150_16','43.000₫'),(753814,'Rocksmith® 2014 Edition – Remastered – Radiohead - “No Surprises”','https://steamcdn-a.akamaihd.net/steam/apps/753814/capsule_sm_120.jpg?t=1529426019','https://store.steampowered.com/app/753814/Rocksmith_2014_Edition__Remastered__Radiohead__No_Surprises/?snr=1_7_7_230_150_16','43.000₫'),(753815,'Rocksmith® 2014 Edition – Remastered – Joan Jett Song Pack','https://steamcdn-a.akamaihd.net/steam/apps/753815/capsule_sm_120.jpg?t=1530030771','https://store.steampowered.com/app/753815/Rocksmith_2014_Edition__Remastered__Joan_Jett_Song_Pack/?snr=1_7_7_230_150_4','100.000₫'),(753816,'Rocksmith® 2014 Edition – Remastered – Joan Jett - “Bad Reputation”','https://steamcdn-a.akamaihd.net/steam/apps/753816/capsule_sm_120.jpg?t=1530030962','https://store.steampowered.com/app/753816/Rocksmith_2014_Edition__Remastered__Joan_Jett__Bad_Reputation/?snr=1_7_7_230_150_4','43.000₫'),(753817,'Rocksmith® 2014 Edition – Remastered – Joan Jett&amp; the Blackhearts - “Crimson&amp; Clover”','https://steamcdn-a.akamaihd.net/steam/apps/753817/capsule_sm_120.jpg?t=1530030912','https://store.steampowered.com/app/753817/Rocksmith_2014_Edition__Remastered__Joan_Jett__the_Blackhearts__Crimson__Clover/?snr=1_7_7_230_150_4','43.000₫'),(753818,'Rocksmith® 2014 Edition – Remastered – Joan Jett&amp; the Blackhearts - “I Hate Myself For Loving You”','https://steamcdn-a.akamaihd.net/steam/apps/753818/capsule_sm_120.jpg?t=1530030847','https://store.steampowered.com/app/753818/Rocksmith_2014_Edition__Remastered__Joan_Jett__the_Blackhearts__I_Hate_Myself_For_Loving_You/?snr=1_7_7_230_150_4','43.000₫'),(756610,'The Highway Code - Driving Test Success','https://steamcdn-a.akamaihd.net/steam/apps/756610/capsule_sm_120.jpg?t=1530009326','https://store.steampowered.com/app/756610/The_Highway_Code__Driving_Test_Success/?snr=1_7_7_230_150_4','58.000₫'),(756611,'Teaching You Road Signs - Driving Test Success','https://steamcdn-a.akamaihd.net/steam/apps/756611/capsule_sm_120.jpg?t=1530009333','https://store.steampowered.com/app/756611/Teaching_You_Road_Signs__Driving_Test_Success/?snr=1_7_7_230_150_4','90.000₫'),(759480,'ShineG In The Zombies - Character Pack3','https://steamcdn-a.akamaihd.net/steam/apps/759480/capsule_sm_120.jpg?t=1530158921','https://store.steampowered.com/app/759480/ShineG_In_The_Zombies__Character_Pack3/?snr=1_7_7_230_150_8','Free'),(760410,'Don\'t Be Afraid','https://steamcdn-a.akamaihd.net/steam/apps/760410/capsule_sm_120.jpg?t=1520506101','https://store.steampowered.com/app/760410/Dont_Be_Afraid/?snr=1_7_7_230_150_13',''),(760730,'Conan Exiles - The Imperial East Pack','https://steamcdn-a.akamaihd.net/steam/apps/760730/capsule_sm_120.jpg?t=1529685241','https://store.steampowered.com/app/760730/Conan_Exiles__The_Imperial_East_Pack/?snr=1_7_7_230_150_8','120.000₫'),(762560,'ManaRocks','https://steamcdn-a.akamaihd.net/steam/apps/762560/capsule_sm_120.jpg?t=1523051006','https://store.steampowered.com/app/762560/ManaRocks/?snr=1_7_7_230_150_3','Free To Play'),(762780,'Amazing Pea TD','https://steamcdn-a.akamaihd.net/steam/apps/762780/capsule_sm_120.jpg?t=1518731680','https://store.steampowered.com/app/762780/Amazing_Pea_TD/?snr=1_7_7_230_150_2',''),(763750,'Minaurs','https://steamcdn-a.akamaihd.net/steam/apps/763750/capsule_sm_120.jpg?t=1530217307','https://store.steampowered.com/app/763750/Minaurs/?snr=1_7_7_230_150_1','80.000₫'),(766570,'Russian Fishing 4','https://steamcdn-a.akamaihd.net/steam/apps/766570/capsule_184x69.jpg?t=1529067656','https://store.steampowered.com/app/766570/Russian_Fishing_4/?snr=1_tags_4__103','Free To Play'),(768740,'QuartoⒸ','https://steamcdn-a.akamaihd.net/steam/apps/768740/capsule_sm_120.jpg?t=1530090201','https://store.steampowered.com/app/768740/Quarto/?snr=1_7_7_230_150_3','90.000₫'),(770560,'Overlook: Local multiplayer game - up to 16 players','https://steamcdn-a.akamaihd.net/steam/apps/770560/capsule_sm_120.jpg?t=1530088223','https://store.steampowered.com/app/770560/Overlook_Local_multiplayer_game__up_to_16_players/?snr=1_7_7_230_150_3','148.500₫'),(772230,'跳跃2/LeapII','https://steamcdn-a.akamaihd.net/steam/apps/772230/capsule_sm_120.jpg?t=1529635492','https://store.steampowered.com/app/772230/2LeapII/?snr=1_7_7_230_150_10','58.000₫'),(773360,'Stinky Snake','https://steamcdn-a.akamaihd.net/steam/apps/773360/capsule_sm_120.jpg?t=1529981659','https://store.steampowered.com/app/773360/Stinky_Snake/?snr=1_7_7_230_150_5','100.000₫'),(773430,'Meow Motors','https://steamcdn-a.akamaihd.net/steam/apps/773430/capsule_184x69.jpg?t=1529923364','https://store.steampowered.com/app/773430/Meow_Motors/?snr=1_tags_4__103','188.000₫'),(774231,'The Kremer Collection VR Museum','https://steamcdn-a.akamaihd.net/steam/apps/774231/capsule_sm_120.jpg?t=1530080567','https://store.steampowered.com/app/774231/The_Kremer_Collection_VR_Museum/?snr=1_7_7_230_150_3','120.000₫'),(774755,'TS Marketplace: Amtrak E8 Scenario Pack 01 Add-On','https://steamcdn-a.akamaihd.net/steam/apps/774755/capsule_sm_120.jpg?t=1529577221','https://store.steampowered.com/app/774755/TS_Marketplace_Amtrak_E8_Scenario_Pack_01_AddOn/?snr=1_7_7_230_150_14','120.000₫'),(774758,'Train Simulator: GP40-2 Loco Pack Add-On','https://steamcdn-a.akamaihd.net/steam/apps/774758/capsule_sm_120.jpg?t=1529587743','https://store.steampowered.com/app/774758/Train_Simulator_GP402_Loco_Pack_AddOn/?snr=1_7_7_230_150_12','188.000₫'),(775900,'MotoGP™18','https://steamcdn-a.akamaihd.net/steam/apps/775900/capsule_184x69.jpg?t=1529307392','https://store.steampowered.com/app/775900/MotoGP18/?snr=1_tags_4__103','390.000₫'),(776380,'FSX SpacePort','https://steamcdn-a.akamaihd.net/steam/apps/776380/capsule_sm_120.jpg?t=1529476480','https://store.steampowered.com/app/776380/FSX_SpacePort/?snr=1_7_7_230_150_6',''),(778660,'Amazing Pea TD Demo','https://steamcdn-a.akamaihd.net/steam/apps/778660/capsule_sm_120.jpg?t=1518208268','https://store.steampowered.com/app/762780/Amazing_Pea_TD/?snr=1_7_7_230_150_2','Free Demo'),(780020,'True Hentai Puzzle','https://steamcdn-a.akamaihd.net/steam/apps/780020/capsule_sm_120.jpg?t=1530084602','https://store.steampowered.com/app/780020/True_Hentai_Puzzle/?snr=1_7_7_230_150_8','9.000₫'),(780500,'Suzy Cube','https://steamcdn-a.akamaihd.net/steam/apps/780500/capsule_sm_120.jpg?t=1529514865','https://store.steampowered.com/app/780500/Suzy_Cube/?snr=1_7_7_230_150_16','60.000₫'),(780970,'美食梦工厂：研发美食开心制作糖果模拟经营养成','https://steamcdn-a.akamaihd.net/steam/apps/780970/capsule_sm_120.jpg?t=1523876487','https://store.steampowered.com/app/780970/_/?snr=1_7_7_230_150_14',''),(785050,'Massive Galaxy','https://steamcdn-a.akamaihd.net/steam/apps/785050/capsule_sm_120.jpg?t=1519666885','https://store.steampowered.com/app/785050/Massive_Galaxy/?snr=1_7_7_230_150_17',''),(788260,'Rules Of Survival','https://steamcdn-a.akamaihd.net/steam/apps/788260/capsule_184x69.jpg?t=1530118212','https://store.steampowered.com/app/788260/Rules_Of_Survival/?snr=1_tags_4__103','43.000₫'),(788870,'In The Long Run The Game','https://steamcdn-a.akamaihd.net/steam/apps/788870/capsule_sm_120.jpg?t=1529770699','https://store.steampowered.com/app/788870/In_The_Long_Run_The_Game/?snr=1_7_7_230_150_4',''),(793190,'Daily VR','https://steamcdn-a.akamaihd.net/steam/apps/793190/capsule_sm_120.jpg?t=1530167302','https://store.steampowered.com/app/793190/Daily_VR/?snr=1_7_7_230_150_13','165.000₫'),(793230,'Toxic Townsmen','https://steamcdn-a.akamaihd.net/steam/apps/793230/capsule_sm_120.jpg?t=1529911550','https://store.steampowered.com/app/793230/Toxic_Townsmen/?snr=1_7_7_230_150_6','7.500₫'),(793860,'PixelJunk™ Monsters 2 Encore Pack','https://steamcdn-a.akamaihd.net/steam/apps/793860/capsule_sm_120.jpg?t=1529418669','https://store.steampowered.com/app/793860/PixelJunk_Monsters_2_Encore_Pack/?snr=1_7_7_230_150_17','70.000₫'),(793880,'MIRAGE','https://steamcdn-a.akamaihd.net/steam/apps/793880/capsule_sm_120.jpg?t=1529968589','https://store.steampowered.com/app/793880/MIRAGE/?snr=1_7_7_230_150_10','Free To Play'),(798860,'Additional Scenarios Pack/追加シナリオパック','https://steamcdn-a.akamaihd.net/steam/apps/798860/capsule_sm_120.jpg?t=1530175154','https://store.steampowered.com/app/798860/Additional_Scenarios_Pack/?snr=1_7_7_230_150_1','211.000₫'),(798892,'SHOWMAKER CHA-LA-HEAD-CHA-LA (karaoke version)','https://steamcdn-a.akamaihd.net/steam/apps/798892/capsule_sm_120.jpg?t=1529696809','https://store.steampowered.com/app/798892/SHOWMAKER_CHALAHEADCHALA_karaoke_version/?snr=1_7_7_230_150_8','Free To Play'),(798893,'SHOWMAKER GO (karaoke version)','https://steamcdn-a.akamaihd.net/steam/apps/798893/capsule_sm_120.jpg?t=1529696712','https://store.steampowered.com/app/798893/SHOWMAKER_GO_karaoke_version/?snr=1_7_7_230_150_8','Free'),(798894,'SHOWMAKER アゲハ蝶 (karaoke version)','https://steamcdn-a.akamaihd.net/steam/apps/798894/capsule_sm_120.jpg?t=1529696763','https://store.steampowered.com/app/798894/SHOWMAKER__karaoke_version/?snr=1_7_7_230_150_8','Free'),(798895,'SHOWMAKER カラフル (karaoke version)','https://steamcdn-a.akamaihd.net/steam/apps/798895/capsule_sm_120.jpg?t=1529696847','https://store.steampowered.com/app/798895/SHOWMAKER__karaoke_version/?snr=1_7_7_230_150_7','Free'),(798896,'SHOWMAKER カルマ (karaoke version)','https://steamcdn-a.akamaihd.net/steam/apps/798896/capsule_sm_120.jpg?t=1529696885','https://store.steampowered.com/app/798896/SHOWMAKER__karaoke_version/?snr=1_7_7_230_150_7','Free'),(799520,'The Elder Scrolls Online: Summerset','https://steamcdn-a.akamaihd.net/steam/apps/799520/capsule_184x69.jpg?t=1528207073','https://store.steampowered.com/app/799520/The_Elder_Scrolls_Online_Summerset/?snr=1_tags_4__103','675.000₫'),(801390,'Onslaught VR','https://steamcdn-a.akamaihd.net/steam/apps/801390/capsule_sm_120.jpg?t=1529172931','https://store.steampowered.com/app/801390/Onslaught_VR/?snr=1_7_7_230_150_15',''),(802130,'Break The Targets','https://steamcdn-a.akamaihd.net/steam/apps/802130/capsule_sm_120.jpg?t=1529944371','https://store.steampowered.com/app/802130/Break_The_Targets/?snr=1_7_7_230_150_12','75.000₫'),(804560,'HiPanda','https://steamcdn-a.akamaihd.net/steam/apps/804560/capsule_sm_120.jpg?t=1529547247','https://store.steampowered.com/app/804560/HiPanda/?snr=1_7_7_230_150_10',''),(804641,'BBTAG DLC Character - Yang','https://steamcdn-a.akamaihd.net/steam/apps/804641/capsule_sm_120.jpg?t=1530007977','https://store.steampowered.com/app/804641/BBTAG_DLC_Character__Yang/?snr=1_7_7_230_150_19','188.000₫'),(804643,'BBTAG DLC Character Pack Vol.2 - Jubei/Aegis/Carmine','https://steamcdn-a.akamaihd.net/steam/apps/804643/capsule_sm_120.jpg?t=1529459428','https://store.steampowered.com/app/804643/BBTAG_DLC_Character_Pack_Vol2__JubeiAegisCarmine/?snr=1_7_7_230_150_19','70.000₫'),(804644,'BBTAG DLC Character Pack Vol.3 - Hakumen/NaotoShirogane/Vatista','https://steamcdn-a.akamaihd.net/steam/apps/804644/capsule_sm_120.jpg?t=1529459456','https://store.steampowered.com/app/804644/BBTAG_DLC_Character_Pack_Vol3__HakumenNaotoShiroganeVatista/?snr=1_7_7_230_150_18','70.000₫'),(808080,'Ultimate Racing 2D','https://steamcdn-a.akamaihd.net/steam/apps/808080/capsule_184x69.jpg?t=1530121172','https://store.steampowered.com/app/808080/Ultimate_Racing_2D/?snr=1_tags_4__103','120.000₫'),(808450,'BeeFender','https://steamcdn-a.akamaihd.net/steam/apps/808450/capsule_sm_120.jpg?t=1529937430','https://store.steampowered.com/app/808450/BeeFender/?snr=1_7_7_230_150_6','7.500₫'),(809440,'Protolife','https://steamcdn-a.akamaihd.net/steam/apps/809440/capsule_184x69.jpg?t=1529854506','https://store.steampowered.com/app/809440/Protolife/?snr=1_tags_4__103','126.000₫'),(809730,'FISHERY','https://steamcdn-a.akamaihd.net/steam/apps/809730/capsule_sm_120.jpg?t=1526991209','https://store.steampowered.com/app/809730/FISHERY/?snr=1_7_7_230_150_1',''),(809840,'Anime show 动漫时装秀','https://steamcdn-a.akamaihd.net/steam/apps/809840/capsule_sm_120.jpg?t=1529690457','https://store.steampowered.com/app/809840/Anime_show/?snr=1_7_7_230_150_8','144.000₫'),(810420,'Find the Gnome','https://steamcdn-a.akamaihd.net/steam/apps/810420/capsule_sm_120.jpg?t=1530226656','https://store.steampowered.com/app/810420/Find_the_Gnome/?snr=1_7_7_230_150_1','43.000₫'),(810800,'Action Alien: Tropical Mayhem','https://steamcdn-a.akamaihd.net/steam/apps/810800/capsule_sm_120.jpg?t=1529358898','https://store.steampowered.com/app/810800/Action_Alien_Tropical_Mayhem/?snr=1_7_7_230_150_5',''),(811240,'Don\'t Stand Out','https://steamcdn-a.akamaihd.net/steam/apps/811240/capsule_184x69.jpg?t=1527779462','https://store.steampowered.com/app/811240/Dont_Stand_Out/?snr=1_tags_4__103','140.000₫'),(812530,'NOISZ Mini OST','https://steamcdn-a.akamaihd.net/steam/apps/812530/capsule_sm_120.jpg?t=1530071629','https://store.steampowered.com/app/812530/NOISZ_Mini_OST/?snr=1_7_7_230_150_3',''),(813400,'在这个世界的尽头，你与我被遗忘的传说（In the world end You and me the forget\'s legend）','https://steamcdn-a.akamaihd.net/steam/apps/813400/capsule_sm_120.jpg?t=1528598428','https://store.steampowered.com/app/813400/In_the_world_end_You_and_me_the_forgets_legend/?snr=1_7_7_230_150_5',''),(813440,'DrillsVR','https://steamcdn-a.akamaihd.net/steam/apps/813440/capsule_sm_120.jpg?t=1530240374','https://store.steampowered.com/app/813440/DrillsVR/?snr=1_7_7_230_150_1','Free To Play'),(813670,'The Last Day Defense','https://steamcdn-a.akamaihd.net/steam/apps/813670/capsule_sm_120.jpg?t=1529915450','https://store.steampowered.com/app/813670/The_Last_Day_Defense/?snr=1_7_7_230_150_17','188.000₫'),(813820,'Realm Royale','https://steamcdn-a.akamaihd.net/steam/apps/813820/capsule_184x69.jpg?t=1530127039','https://store.steampowered.com/app/813820/Realm_Royale/?snr=1_tags_4__103','Free To Play'),(813970,'Urban','https://steamcdn-a.akamaihd.net/steam/apps/813970/capsule_sm_120.jpg?t=1530205860','https://store.steampowered.com/app/813970/Urban/?snr=1_7_7_230_150_1','140.000₫'),(814110,'Naval Action - Le Requin','https://steamcdn-a.akamaihd.net/steam/apps/814110/capsule_sm_120.jpg?t=1529945300','https://store.steampowered.com/app/814110/Naval_Action__Le_Requin/?snr=1_7_7_230_150_9','148.500₫'),(814340,'Ghoststory','https://steamcdn-a.akamaihd.net/steam/apps/814340/capsule_sm_120.jpg?t=1529793503','https://store.steampowered.com/app/814340/Ghoststory/?snr=1_7_7_230_150_11','72.000₫'),(815280,'Crooked Waters','https://steamcdn-a.akamaihd.net/steam/apps/815280/capsule_sm_120.jpg?t=1528917902','https://store.steampowered.com/app/815280/Crooked_Waters/?snr=1_7_7_230_150_3',''),(815320,'Catify VR','https://steamcdn-a.akamaihd.net/steam/apps/815320/capsule_sm_120.jpg?t=1530181468','https://store.steampowered.com/app/815320/Catify_VR/?snr=1_7_7_230_150_1','70.000₫'),(818610,'The Great Gaias','https://steamcdn-a.akamaihd.net/steam/apps/818610/capsule_sm_120.jpg?t=1529670946','https://store.steampowered.com/app/818610/The_Great_Gaias/?snr=1_7_7_230_150_8','250.000₫'),(818690,'Asteroid Babe','https://steamcdn-a.akamaihd.net/steam/apps/818690/capsule_sm_120.jpg?t=1529429567','https://store.steampowered.com/app/818690/Asteroid_Babe/?snr=1_7_7_230_150_1','Free To Play'),(819060,'Red Rover','https://steamcdn-a.akamaihd.net/steam/apps/819060/capsule_sm_120.jpg?t=1529385825','https://store.steampowered.com/app/819060/Red_Rover/?snr=1_7_7_230_150_18','70.000₫'),(819270,'JUSTICE LEGION','https://steamcdn-a.akamaihd.net/steam/apps/819270/capsule_sm_120.jpg?t=1530192931','https://store.steampowered.com/app/819270/JUSTICE_LEGION/?snr=1_7_7_230_150_3','43.000₫'),(819740,'Deadly Delivery','https://steamcdn-a.akamaihd.net/steam/apps/819740/capsule_sm_120.jpg?t=1529572783','https://store.steampowered.com/app/819740/Deadly_Delivery/?snr=1_7_7_230_150_13','90.000₫'),(820030,'Picross Fairytale - nonogram: Red Riding Hood secret','https://steamcdn-a.akamaihd.net/steam/apps/820030/capsule_sm_120.jpg?t=1529438463','https://store.steampowered.com/app/820030/Picross_Fairytale__nonogram_Red_Riding_Hood_secret/?snr=1_7_7_230_150_15','Free To Play'),(821680,'Military Operations: Benchmark','https://steamcdn-a.akamaihd.net/steam/apps/821680/capsule_sm_120.jpg?t=1529847653','https://store.steampowered.com/app/821680/Military_Operations_Benchmark/?snr=1_7_7_230_150_12','Free'),(821990,'Pillars of Eternity II: Deadfire - Scalawags Pack','https://steamcdn-a.akamaihd.net/steam/apps/821990/capsule_sm_120.jpg?t=1529713014','https://store.steampowered.com/app/821990/Pillars_of_Eternity_II_Deadfire___Scalawags_Pack/?snr=1_7_7_230_150_10','Free'),(822920,'Ellen','https://steamcdn-a.akamaihd.net/steam/apps/822920/capsule_sm_120.jpg?t=1521811546','https://store.steampowered.com/app/822920/Ellen/?snr=1_7_7_230_150_2',''),(823600,'Battle Brawlers','https://steamcdn-a.akamaihd.net/steam/apps/823600/capsule_sm_120.jpg?t=1529718153','https://store.steampowered.com/app/823600/Battle_Brawlers/?snr=1_7_7_230_150_18','Free'),(824070,'Objects in Space','https://steamcdn-a.akamaihd.net/steam/apps/824070/capsule_sm_120.jpg?t=1529681748','https://store.steampowered.com/app/824070/Objects_in_Space/?snr=1_7_7_230_150_12','169.000₫'),(824420,'Ouch！War！/ 破音乱斗','https://steamcdn-a.akamaihd.net/steam/apps/824420/capsule_sm_120.jpg?t=1529482609','https://store.steampowered.com/app/824420/OuchWar/?snr=1_7_7_230_150_15','Free'),(824760,'Fighting Fantasy Legends Portal','https://steamcdn-a.akamaihd.net/steam/apps/824760/capsule_sm_120.jpg?t=1528458682','https://store.steampowered.com/app/824760/Fighting_Fantasy_Legends_Portal/?snr=1_7_7_230_150_14',''),(824820,'Brody Stevens: Live From The Main Room','https://steamcdn-a.akamaihd.net/steam/apps/824820/capsule_sm_120.jpg?t=1529535113','https://store.steampowered.com/app/824820/Brody_Stevens_Live_From_The_Main_Room/?snr=1_7_7_230_150_13','70.000₫'),(825480,'ELDR LEGACY','https://steamcdn-a.akamaihd.net/steam/apps/825480/capsule_sm_120.jpg?t=1530180677','https://store.steampowered.com/app/825480/ELDR__LEGACY/?snr=1_7_7_230_150_5',''),(826190,'Recovery of an MMO Junkie','https://steamcdn-a.akamaihd.net/steam/apps/826190/capsule_sm_120.jpg?t=1529513142','https://store.steampowered.com/app/826190/Recovery_of_an_MMO_Junkie/?snr=1_7_7_230_150_14','145.000₫'),(826210,'The Ancient Magus\' Bride','https://steamcdn-a.akamaihd.net/steam/apps/826210/capsule_sm_120.jpg?t=1529512566','https://store.steampowered.com/app/826210/The_Ancient_Magus_Bride/?snr=1_7_7_230_150_14','174.000₫'),(828630,'Outbreak: The Nightmare Chronicles - Chapter 2','https://steamcdn-a.akamaihd.net/steam/apps/828630/capsule_sm_120.jpg?t=1529355558','https://store.steampowered.com/app/828630/Outbreak_The_Nightmare_Chronicles__Chapter_2/?snr=1_7_7_230_150_19','63.000₫'),(829040,'Light Borrower','https://steamcdn-a.akamaihd.net/steam/apps/829040/capsule_sm_120.jpg?t=1530166436','https://store.steampowered.com/app/829040/Light_Borrower/?snr=1_7_7_230_150_2','56.000₫'),(829130,'One helluva day Demo','https://steamcdn-a.akamaihd.net/steam/apps/829130/capsule_sm_120.jpg?t=1529696062','https://store.steampowered.com/app/603680/One_helluva_day/?snr=1_7_7_230_150_8','Free Demo'),(829420,'Fun Hospital','https://steamcdn-a.akamaihd.net/steam/apps/829420/capsule_sm_120.jpg?t=1529631662','https://store.steampowered.com/app/829420/Fun_Hospital/?snr=1_7_7_230_150_10','Free To Play'),(830490,'Achievement Lurker: You are going to have to work hard for these nuts','https://steamcdn-a.akamaihd.net/steam/apps/830490/capsule_sm_120.jpg?t=1529429052','https://store.steampowered.com/app/830490/Achievement_Lurker_You_are_going_to_have_to_work_hard_for_these_nuts/?snr=1_7_7_230_150_16','30.000₫'),(830500,'The Blobs Fight','https://steamcdn-a.akamaihd.net/steam/apps/830500/capsule_sm_120.jpg?t=1529626825','https://store.steampowered.com/app/830500/The_Blobs_Fight/?snr=1_7_7_230_150_10','165.000₫'),(831070,'The Cabinets of Doctor Arcana','https://steamcdn-a.akamaihd.net/steam/apps/831070/capsule_sm_120.jpg?t=1526752805','https://store.steampowered.com/app/831070/The_Cabinets_of_Doctor_Arcana/?snr=1_7_7_230_150_9',''),(831600,'纸片人3D','https://steamcdn-a.akamaihd.net/steam/apps/831600/capsule_sm_120.jpg?t=1529395549','https://store.steampowered.com/app/831600/3D/?snr=1_7_7_230_150_18','350.000₫'),(831670,'SPACE HUNT','https://steamcdn-a.akamaihd.net/steam/apps/831670/capsule_sm_120.jpg?t=1529665438','https://store.steampowered.com/app/831670/SPACE_HUNT/?snr=1_7_7_230_150_9','7.500₫'),(832710,'The 7th Circle','https://steamcdn-a.akamaihd.net/steam/apps/832710/capsule_sm_120.jpg?t=1524755868','https://store.steampowered.com/app/832710/The_7th_Circle/?snr=1_7_7_230_150_5',''),(833650,'Dust n Wheels','https://steamcdn-a.akamaihd.net/steam/apps/833650/capsule_sm_120.jpg?t=1529667072','https://store.steampowered.com/app/833650/Dust_n_Wheels/?snr=1_7_7_230_150_8','126.000₫'),(833920,'Meme Machine','https://steamcdn-a.akamaihd.net/steam/apps/833920/capsule_sm_120.jpg?t=1529670827','https://store.steampowered.com/app/833920/Meme_Machine/?snr=1_7_7_230_150_8','59.000₫'),(833940,'Vertigo FPS','https://steamcdn-a.akamaihd.net/steam/apps/833940/capsule_sm_120.jpg?t=1530117012','https://store.steampowered.com/app/833940/Vertigo_FPS/?snr=1_7_7_230_150_2','132.000₫'),(834100,'Dungeon Adventure','https://steamcdn-a.akamaihd.net/steam/apps/834100/capsule_sm_120.jpg?t=1529520791','https://store.steampowered.com/app/834100/Dungeon_Adventure/?snr=1_7_7_230_150_13','70.000₫'),(835280,'Forsaken Castle Demo','https://steamcdn-a.akamaihd.net/steam/apps/835280/capsule_sm_120.jpg?t=1529675114','https://store.steampowered.com/app/640010/Forsaken_Castle/?snr=1_7_7_230_150_8','Free Demo'),(835660,'Circle UP','https://steamcdn-a.akamaihd.net/steam/apps/835660/capsule_sm_120.jpg?t=1530009953','https://store.steampowered.com/app/835660/Circle_UP/?snr=1_7_7_230_150_16','58.000₫'),(835690,'City Sweeper - Clean it Fast!','https://steamcdn-a.akamaihd.net/steam/apps/835690/capsule_sm_120.jpg?t=1530032570','https://store.steampowered.com/app/835690/City_Sweeper__Clean_it_Fast/?snr=1_7_7_230_150_4','70.000₫'),(836290,'Achievement Lurker: Ballad of the Shimapan Warrior - King of Panties','https://steamcdn-a.akamaihd.net/steam/apps/836290/capsule_sm_120.jpg?t=1530190403','https://store.steampowered.com/app/836290/Achievement_Lurker_Ballad_of_the_Shimapan_Warrior__King_of_Panties/?snr=1_7_7_230_150_16','30.000₫'),(836400,'Basketball Hero VR','https://steamcdn-a.akamaihd.net/steam/apps/836400/capsule_sm_120.jpg?t=1529501226','https://store.steampowered.com/app/836400/Basketball_Hero_VR/?snr=1_7_7_230_150_14','70.000₫'),(836700,'Doctor Flow','https://steamcdn-a.akamaihd.net/steam/apps/836700/capsule_sm_120.jpg?t=1530111632','https://store.steampowered.com/app/836700/Doctor_Flow/?snr=1_7_7_230_150_3','80.000₫'),(836750,'Tom Clancy\'s Rainbow Six® Siege - Pro League Lesion Set','https://steamcdn-a.akamaihd.net/steam/apps/836750/capsule_sm_120.jpg?t=1529427926','https://store.steampowered.com/app/836750/Tom_Clancys_Rainbow_Six_Siege__Pro_League_Lesion_Set/?snr=1_7_7_230_150_16','132.000₫'),(836781,'Tom Clancy\'s Rainbow Six® Siege - Pro League Echo Set','https://steamcdn-a.akamaihd.net/steam/apps/836781/capsule_sm_120.jpg?t=1529492572','https://store.steampowered.com/app/836781/Tom_Clancys_Rainbow_Six_Siege__Pro_League_Echo_Set/?snr=1_7_7_230_150_16','132.000₫'),(836783,'Tom Clancy\'s Rainbow Six® Siege - Pro League Capitao Set','https://steamcdn-a.akamaihd.net/steam/apps/836783/capsule_sm_120.jpg?t=1529427920','https://store.steampowered.com/app/836783/Tom_Clancys_Rainbow_Six_Siege__Pro_League_Capitao_Set/?snr=1_7_7_230_150_16','132.000₫'),(836785,'Tom Clancy\'s Rainbow Six® Siege - Pro League Kapkan Set','https://steamcdn-a.akamaihd.net/steam/apps/836785/capsule_sm_120.jpg?t=1529427925','https://store.steampowered.com/app/836785/Tom_Clancys_Rainbow_Six_Siege__Pro_League_Kapkan_Set/?snr=1_7_7_230_150_16','132.000₫'),(837990,'Portal Knights - Forest Animals Box','https://steamcdn-a.akamaihd.net/steam/apps/837990/capsule_sm_120.jpg?t=1530190850','https://store.steampowered.com/app/837990/Portal_Knights__Forest_Animals_Box/?snr=1_7_7_230_150_1','Free To Play'),(838160,'Trail Breaking','https://steamcdn-a.akamaihd.net/steam/apps/838160/capsule_sm_120.jpg?t=1530037805','https://store.steampowered.com/app/838160/Trail_Breaking/?snr=1_7_7_230_150_6','165.000₫'),(838360,'Life Goals','https://steamcdn-a.akamaihd.net/steam/apps/838360/capsule_sm_120.jpg?t=1528620105','https://store.steampowered.com/app/838360/Life_Goals/?snr=1_7_7_230_150_6','Free To Play'),(838640,'My Super Tower 3','https://steamcdn-a.akamaihd.net/steam/apps/838640/capsule_184x69.jpg?t=1529084390','https://store.steampowered.com/app/838640/My_Super_Tower_3/?snr=1_tags_4__103','56.000₫'),(838770,'Rocket League® - Jurassic World™ Car Pack','https://steamcdn-a.akamaihd.net/steam/apps/838770/capsule_sm_120.jpg?t=1529341200','https://store.steampowered.com/app/838770/Rocket_League__Jurassic_World_Car_Pack/?snr=1_7_7_230_150_19','30.000₫'),(839370,'The story of Gods 七神物语','https://steamcdn-a.akamaihd.net/steam/apps/839370/capsule_sm_120.jpg?t=1530029788','https://store.steampowered.com/app/839370/The_story_of_Gods/?snr=1_7_7_230_150_4','30.000₫'),(840090,'Battleground Shooting Training 吃鸡枪法训练器','https://steamcdn-a.akamaihd.net/steam/apps/840090/capsule_sm_120.jpg?t=1529664068','https://store.steampowered.com/app/840090/Battleground_Shooting_Training/?snr=1_7_7_230_150_9','30.000₫'),(840130,'Battle Royale: Survivors','https://steamcdn-a.akamaihd.net/steam/apps/840130/capsule_sm_120.jpg?t=1529899047','https://store.steampowered.com/app/840130/Battle_Royale_Survivors/?snr=1_7_7_230_150_1','Free To Play'),(840810,'Data Ball','https://steamcdn-a.akamaihd.net/steam/apps/840810/capsule_sm_120.jpg?t=1530082603','https://store.steampowered.com/app/840810/Data_Ball/?snr=1_7_7_230_150_3','110.500₫'),(842780,'NavalArt','https://steamcdn-a.akamaihd.net/steam/apps/842780/capsule_sm_120.jpg?t=1529504889','https://store.steampowered.com/app/842780/NavalArt/?snr=1_7_7_230_150_14','80.000₫'),(843040,'RECOG The First Wave','https://steamcdn-a.akamaihd.net/steam/apps/843040/capsule_184x69.jpg?t=1529100101','https://store.steampowered.com/app/843040/RECOG_The_First_Wave/?snr=1_tags_4__103','198.000₫'),(843050,'North Stars','https://steamcdn-a.akamaihd.net/steam/apps/843050/capsule_sm_120.jpg?t=1530168772','https://store.steampowered.com/app/843050/North_Stars/?snr=1_7_7_230_150_1','Free'),(843130,'Squirgle','https://steamcdn-a.akamaihd.net/steam/apps/843130/capsule_sm_120.jpg?t=1529989077','https://store.steampowered.com/app/843130/Squirgle/?snr=1_7_7_230_150_5','36.500₫'),(843370,'Gravity Well','https://steamcdn-a.akamaihd.net/steam/apps/843370/capsule_sm_120.jpg?t=1529549545','https://store.steampowered.com/app/843370/Gravity_Well/?snr=1_7_7_230_150_13','100.000₫'),(844490,'Rhombus Legends','https://steamcdn-a.akamaihd.net/steam/apps/844490/capsule_sm_120.jpg?t=1530030677','https://store.steampowered.com/app/844490/Rhombus_Legends/?snr=1_7_7_230_150_4','Free To Play'),(844690,'TANE DLC - Rheingold 1962','https://steamcdn-a.akamaihd.net/steam/apps/844690/capsule_sm_120.jpg?t=1530227659','https://store.steampowered.com/app/844690/TANE_DLC__Rheingold_1962/?snr=1_7_7_230_150_1','188.000₫'),(844890,'World of Warships - Exclusive Starter Pack','https://steamcdn-a.akamaihd.net/steam/apps/844890/capsule_sm_120.jpg?t=1529601621','https://store.steampowered.com/app/844890/World_of_Warships__Exclusive_Starter_Pack/?snr=1_7_7_230_150_10','44.000₫'),(845070,'The Awesome Adventures of Captain Spirit','https://steamcdn-a.akamaihd.net/steam/apps/845070/capsule_sm_120.jpg?t=1530029021','https://store.steampowered.com/app/845070/The_Awesome_Adventures_of_Captain_Spirit/?snr=1_7_7_230_150_5','Free'),(845630,'Disdoored','https://steamcdn-a.akamaihd.net/steam/apps/845630/capsule_184x69.jpg?t=1529134698','https://store.steampowered.com/app/845630/Disdoored/?snr=1_tags_4__103','188.000₫'),(845650,'Meteor Shower','https://steamcdn-a.akamaihd.net/steam/apps/845650/capsule_184x69.jpg?t=1528864952','https://store.steampowered.com/app/845650/Meteor_Shower/?snr=1_tags_4__103','15.000₫'),(846130,'Guardians Of The Past','https://steamcdn-a.akamaihd.net/steam/apps/846130/capsule_sm_120.jpg?t=1528823199','https://store.steampowered.com/app/846130/Guardians_Of_The_Past/?snr=1_7_7_230_150_3',''),(846700,'The Legacy: Prisoner','https://steamcdn-a.akamaihd.net/steam/apps/846700/capsule_sm_120.jpg?t=1529388425','https://store.steampowered.com/app/846700/The_Legacy_Prisoner/?snr=1_7_7_230_150_18','90.000₫'),(847260,'Deep Dark L♂byrinth','https://steamcdn-a.akamaihd.net/steam/apps/847260/capsule_sm_120.jpg?t=1529600537','https://store.steampowered.com/app/847260/Deep_Dark_Lbyrinth/?snr=1_7_7_230_150_10','18.000₫'),(847300,'Doomsday on Demand 2','https://steamcdn-a.akamaihd.net/steam/apps/847300/capsule_sm_120.jpg?t=1530031551','https://store.steampowered.com/app/847300/Doomsday_on_Demand_2/?snr=1_7_7_230_150_4','28.500₫'),(847310,'Doomsday on Demand','https://steamcdn-a.akamaihd.net/steam/apps/847310/capsule_sm_120.jpg?t=1530031557','https://store.steampowered.com/app/847310/Doomsday_on_Demand/?snr=1_7_7_230_150_4','28.500₫'),(847850,'LeapII Soundtrack','https://steamcdn-a.akamaihd.net/steam/apps/847850/capsule_sm_120.jpg?t=1529635619','https://store.steampowered.com/app/847850/LeapII_Soundtrack/?snr=1_7_7_230_150_10','15.000₫'),(847950,'Yakuza Kiss','https://steamcdn-a.akamaihd.net/steam/apps/847950/capsule_sm_120.jpg?t=1529507465','https://store.steampowered.com/app/847950/Yakuza_Kiss/?snr=1_7_7_230_150_16','120.000₫'),(849370,'Gray Dawn Demo','https://steamcdn-a.akamaihd.net/steam/apps/849370/capsule_sm_120.jpg?t=1529776183','https://store.steampowered.com/app/747360/Gray_Dawn/?snr=1_7_7_230_150_7','Free Demo'),(849410,'Poop Slinger','https://steamcdn-a.akamaihd.net/steam/apps/849410/capsule_sm_120.jpg?t=1527621756','https://store.steampowered.com/app/849410/Poop_Slinger/?snr=1_7_7_230_150_8',''),(849790,'Firmament Wars','https://steamcdn-a.akamaihd.net/steam/apps/849790/capsule_sm_120.jpg?t=1529777064','https://store.steampowered.com/app/849790/Firmament_Wars/?snr=1_7_7_230_150_7','70.000₫'),(849860,'The Risen Dead VR','https://steamcdn-a.akamaihd.net/steam/apps/849860/capsule_sm_120.jpg?t=1529650113','https://store.steampowered.com/app/849860/The_Risen_Dead_VR/?snr=1_7_7_230_150_10',''),(850060,'Anima: Gate of Memories - The Nameless Chronicles','https://steamcdn-a.akamaihd.net/steam/apps/850060/capsule_sm_120.jpg?t=1529433776','https://store.steampowered.com/app/850060/Anima_Gate_of_Memories__The_Nameless_Chronicles/?snr=1_7_7_230_150_16','188.000₫'),(850690,'Crying is not Enough','https://steamcdn-a.akamaihd.net/steam/apps/850690/capsule_sm_120.jpg?t=1529392705','https://store.steampowered.com/app/850690/Crying_is_not_Enough/?snr=1_7_7_230_150_18','188.000₫'),(851670,'LUMINES REMASTERED','https://steamcdn-a.akamaihd.net/steam/apps/851670/capsule_sm_120.jpg?t=1530025602','https://store.steampowered.com/app/851670/LUMINES_REMASTERED/?snr=1_7_7_230_150_4','165.000₫'),(852790,'The Adventure of Magical Girl','https://steamcdn-a.akamaihd.net/steam/apps/852790/capsule_sm_120.jpg?t=1529599076','https://store.steampowered.com/app/852790/The_Adventure_of_Magical_Girl/?snr=1_7_7_230_150_11','26.000₫'),(852991,'RPG Maker MV - Time Fantasy: Side-View Animated Battlers','https://steamcdn-a.akamaihd.net/steam/apps/852991/capsule_sm_120.jpg?t=1529641918','https://store.steampowered.com/app/852991/RPG_Maker_MV__Time_Fantasy_SideView_Animated_Battlers/?snr=1_7_7_230_150_11','63.000₫'),(852994,'RPG Maker MV - Urban Slow Piano Vol.1','https://steamcdn-a.akamaihd.net/steam/apps/852994/capsule_sm_120.jpg?t=1530205187','https://store.steampowered.com/app/852994/RPG_Maker_MV__Urban_Slow_Piano_Vol1/?snr=1_7_7_230_150_1','169.000₫'),(853013,'RPG Maker VX Ace - Urban Slow Piano Vol.1','https://steamcdn-a.akamaihd.net/steam/apps/853013/capsule_sm_120.jpg?t=1530205241','https://store.steampowered.com/app/853013/RPG_Maker_VX_Ace__Urban_Slow_Piano_Vol1/?snr=1_7_7_230_150_1','169.000₫'),(853120,'Iron Ground','https://steamcdn-a.akamaihd.net/steam/apps/853120/capsule_sm_120.jpg?t=1529566083','https://store.steampowered.com/app/853120/Iron_Ground/?snr=1_7_7_230_150_12','120.000₫'),(853390,'TAROTICA VOO DOO - HELL MODE','https://steamcdn-a.akamaihd.net/steam/apps/853390/capsule_sm_120.jpg?t=1530034263','https://store.steampowered.com/app/853390/TAROTICA_VOO_DOO__HELL_MODE/?snr=1_7_7_230_150_11','Free To Play'),(853960,'Motorcycle tricycle ATV hill racing','https://steamcdn-a.akamaihd.net/steam/apps/853960/capsule_184x69.jpg?t=1529333560','https://store.steampowered.com/app/853960/Motorcycle_tricycle_ATV_hill_racing/?snr=1_tags_4__103','43.000₫'),(854420,'Tyr: Chains of Valhalla Demo','https://steamcdn-a.akamaihd.net/steam/apps/854420/capsule_sm_120.jpg?t=1529733329','https://store.steampowered.com/app/609720/Tyr_Chains_of_Valhalla/?snr=1_7_7_230_150_7','Free Demo'),(854600,'Pamali: Indonesian Folklore Horror Demo','https://steamcdn-a.akamaihd.net/steam/apps/854600/capsule_sm_120.jpg?t=1529340798','https://store.steampowered.com/app/854570/Pamali_Indonesian_Folklore_Horror/?snr=1_7_7_230_150_19','Free Demo'),(854670,'HEROES TRIALS','https://steamcdn-a.akamaihd.net/steam/apps/854670/capsule_sm_120.jpg?t=1529506903','https://store.steampowered.com/app/854670/HEROES_TRIALS/?snr=1_7_7_230_150_14','80.000₫'),(854710,'CyberLink PowerDVD 18 Standard','https://steamcdn-a.akamaihd.net/steam/apps/854710/capsule_sm_120.jpg?t=1529483696','https://store.steampowered.com/app/854710/CyberLink_PowerDVD_18_Standard/?snr=1_7_7_230_150_15','1.350.000₫'),(855650,'TRIGGER','https://steamcdn-a.akamaihd.net/steam/apps/855650/capsule_184x69.jpg?t=1529214144','https://store.steampowered.com/app/855650/TRIGGER/?snr=1_tags_4__103','180.000₫'),(856010,'National Machine','https://steamcdn-a.akamaihd.net/steam/apps/856010/capsule_sm_120.jpg?t=1529500032','https://store.steampowered.com/app/856010/National_Machine/?snr=1_7_7_230_150_1',''),(856040,'Chameleon Man','https://steamcdn-a.akamaihd.net/steam/apps/856040/capsule_sm_120.jpg?t=1528190213','https://store.steampowered.com/app/856040/Chameleon_Man/?snr=1_7_7_230_150_5',''),(856110,'Antisnake','https://steamcdn-a.akamaihd.net/steam/apps/856110/capsule_184x69.jpg?t=1529789309','https://store.steampowered.com/app/856110/Antisnake/?snr=1_tags_4__103','15.000₫'),(856170,'Exo TD','https://steamcdn-a.akamaihd.net/steam/apps/856170/capsule_sm_120.jpg?t=1529687875','https://store.steampowered.com/app/856170/Exo_TD/?snr=1_7_7_230_150_3',''),(856450,'A Story of a Band','https://steamcdn-a.akamaihd.net/steam/apps/856450/capsule_sm_120.jpg?t=1529463395','https://store.steampowered.com/app/856450/A_Story_of_a_Band/?snr=1_7_7_230_150_15','90.000₫'),(858360,'The Initiate 2: The First Interviews','https://steamcdn-a.akamaihd.net/steam/apps/858360/capsule_sm_120.jpg?t=1530023449','https://store.steampowered.com/app/858360/The_Initiate_2_The_First_Interviews/?snr=1_7_7_230_150_4','135.000₫'),(858730,'Yoke Light','https://steamcdn-a.akamaihd.net/steam/apps/858730/capsule_sm_120.jpg?t=1530232214','https://store.steampowered.com/app/858730/Yoke_Light/?snr=1_7_7_230_150_1','13.500₫'),(859090,'Turbo Tunnel','https://steamcdn-a.akamaihd.net/steam/apps/859090/capsule_184x69.jpg?t=1527879894','https://store.steampowered.com/app/859090/Turbo_Tunnel/?snr=1_tags_4__103','Free'),(859530,'Vive le Roi 2','https://steamcdn-a.akamaihd.net/steam/apps/859530/capsule_sm_120.jpg?t=1529579894','https://store.steampowered.com/app/859530/Vive_le_Roi_2/?snr=1_7_7_230_150_12','30.000₫'),(859700,'USA 2020','https://steamcdn-a.akamaihd.net/steam/apps/859700/capsule_184x69.jpg?t=1528553587','https://store.steampowered.com/app/859700/USA_2020/?snr=1_tags_4__103','21.000₫'),(860220,'Contact Draw: Football','https://steamcdn-a.akamaihd.net/steam/apps/860220/capsule_184x69.jpg?t=1529395371','https://store.steampowered.com/app/860220/Contact_Draw_Football/?snr=1_tags_4__103','15.000₫'),(860290,'Labyrinths of Umbra','https://steamcdn-a.akamaihd.net/steam/apps/860290/capsule_sm_120.jpg?t=1530117004','https://store.steampowered.com/app/860290/Labyrinths_of_Umbra/?snr=1_7_7_230_150_3','15.000₫'),(860450,'Module TD. Sci-Fi Tower Defense','https://steamcdn-a.akamaihd.net/steam/apps/860450/capsule_sm_120.jpg?t=1530150598','https://store.steampowered.com/app/860450/Module_TD_SciFi_Tower_Defense/?snr=1_7_7_230_150_2','102.000₫'),(860770,'Made to Order: The Party Game','https://steamcdn-a.akamaihd.net/steam/apps/860770/capsule_sm_120.jpg?t=1529901418','https://store.steampowered.com/app/860770/Made_to_Order_The_Party_Game/?snr=1_7_7_230_150_15','36.500₫'),(860981,'One Deck Dungeon - Fanatic','https://steamcdn-a.akamaihd.net/steam/apps/860981/capsule_sm_120.jpg?t=1530024456','https://store.steampowered.com/app/860981/One_Deck_Dungeon__Fanatic/?snr=1_7_7_230_150_11','15.000₫'),(861080,'Lonia Saga 2','https://steamcdn-a.akamaihd.net/steam/apps/861080/capsule_sm_120.jpg?t=1529936390','https://store.steampowered.com/app/861080/Lonia_Saga_2/?snr=1_7_7_230_150_7','157.500₫'),(861320,'Beyond Minimalism','https://steamcdn-a.akamaihd.net/steam/apps/861320/capsule_sm_120.jpg?t=1529339235','https://store.steampowered.com/app/861320/Beyond_Minimalism/?snr=1_7_7_230_150_19','58.000₫'),(861400,'Nefertari: Journey to Eternity','https://steamcdn-a.akamaihd.net/steam/apps/861400/capsule_sm_120.jpg?t=1530193339','https://store.steampowered.com/app/861400/Nefertari_Journey_to_Eternity/?snr=1_7_7_230_150_1','Free'),(861732,'RPG Maker MV - Time Fantasy','https://steamcdn-a.akamaihd.net/steam/apps/861732/capsule_sm_120.jpg?t=1529641140','https://store.steampowered.com/app/861732/RPG_Maker_MV__Time_Fantasy/?snr=1_7_7_230_150_11','148.500₫'),(861850,'Fitzzle Adorable Puppies','https://steamcdn-a.akamaihd.net/steam/apps/861850/capsule_sm_120.jpg?t=1529605149','https://store.steampowered.com/app/861850/Fitzzle_Adorable_Puppies/?snr=1_7_7_230_150_10','26.000₫'),(861960,'Master Pyrox Wizard Smackdown','https://steamcdn-a.akamaihd.net/steam/apps/861960/capsule_184x69.jpg?t=1528828869','https://store.steampowered.com/app/861960/Master_Pyrox_Wizard_Smackdown/?snr=1_tags_4__103','100.000₫'),(862430,'Chester One Demo','https://steamcdn-a.akamaihd.net/steam/apps/862430/capsule_sm_120.jpg?t=1529356954','https://store.steampowered.com/app/348800/Chester_One/?snr=1_7_7_230_150_19','Free Demo'),(862560,'Ouch!War!-Blue blinky Character pack','https://steamcdn-a.akamaihd.net/steam/apps/862560/capsule_sm_120.jpg?t=1529482661','https://store.steampowered.com/app/862560/OuchWarBlue_blinky_Character_pack/?snr=1_7_7_230_150_15','15.000₫'),(862580,'OK/NORMAL','https://steamcdn-a.akamaihd.net/steam/apps/862580/capsule_sm_120.jpg?t=1529873994','https://store.steampowered.com/app/862580/OKNORMAL/?snr=1_7_7_230_150_19','43.000₫'),(862650,'City Of Jade: Imperial Frontier','https://steamcdn-a.akamaihd.net/steam/apps/862650/capsule_sm_120.jpg?t=1529646547','https://store.steampowered.com/app/862650/City_Of_Jade_Imperial_Frontier/?snr=1_7_7_230_150_11','60.000₫'),(862931,'Doodle God Blitz: Doodle Kingdom DLC','https://steamcdn-a.akamaihd.net/steam/apps/862931/capsule_sm_120.jpg?t=1529420255','https://store.steampowered.com/app/862931/Doodle_God_Blitz_Doodle_Kingdom_DLC/?snr=1_7_7_230_150_17','80.000₫'),(862990,'Survive the West','https://steamcdn-a.akamaihd.net/steam/apps/862990/capsule_sm_120.jpg?t=1529663576','https://store.steampowered.com/app/862990/Survive_the_West/?snr=1_7_7_230_150_9','280.000₫'),(863420,'Melting World Online','https://steamcdn-a.akamaihd.net/steam/apps/863420/capsule_184x69.jpg?t=1529824747','https://store.steampowered.com/app/863420/Melting_World_Online/?snr=1_tags_4__103','71.500₫'),(863670,'Science:The world is in your hands','https://steamcdn-a.akamaihd.net/steam/apps/863670/capsule_sm_120.jpg?t=1529745359','https://store.steampowered.com/app/863670/ScienceThe_world_is_in_your_hands/?snr=1_7_7_230_150_7','120.000₫'),(863730,'Artillery Cats','https://steamcdn-a.akamaihd.net/steam/apps/863730/capsule_sm_120.jpg?t=1529434470','https://store.steampowered.com/app/863730/Artillery_Cats/?snr=1_7_7_230_150_15','Free To Play'),(863760,'Artillery Cats Cat Pack','https://steamcdn-a.akamaihd.net/steam/apps/863760/capsule_sm_120.jpg?t=1530034751','https://store.steampowered.com/app/863760/Artillery_Cats_Cat_Pack/?snr=1_7_7_230_150_4','58.000₫'),(864010,'Space Force','https://steamcdn-a.akamaihd.net/steam/apps/864010/capsule_184x69.jpg?t=1528157874','https://store.steampowered.com/app/864010/Space_Force/?snr=1_tags_4__103','30.000₫'),(864380,'A Lot Like Love','https://steamcdn-a.akamaihd.net/steam/apps/864380/capsule_sm_120.jpg?t=1529337734','https://store.steampowered.com/app/864380/A_Lot_Like_Love/?snr=1_7_7_230_150_19','70.000₫'),(864410,'Dark Maze 2','https://steamcdn-a.akamaihd.net/steam/apps/864410/capsule_sm_120.jpg?t=1529337722','https://store.steampowered.com/app/864410/Dark_Maze_2/?snr=1_7_7_230_150_19','58.000₫'),(865200,'DiveReal','https://steamcdn-a.akamaihd.net/steam/apps/865200/capsule_sm_120.jpg?t=1529464948','https://store.steampowered.com/app/865200/DiveReal/?snr=1_7_7_230_150_18','Free'),(865310,'Dubstep Abasralsa','https://steamcdn-a.akamaihd.net/steam/apps/865310/capsule_184x69.jpg?t=1527744190','https://store.steampowered.com/app/865310/Dubstep_Abasralsa/?snr=1_tags_4__103','15.000₫'),(865320,'Pinball FX2 VR - Universal Classics™ Pinball','https://steamcdn-a.akamaihd.net/steam/apps/865320/capsule_sm_120.jpg?t=1530007010','https://store.steampowered.com/app/865320/Pinball_FX2_VR__Universal_Classics_Pinball/?snr=1_7_7_230_150_5','188.000₫'),(865540,'PLAYNE : The Meditation Game','https://steamcdn-a.akamaihd.net/steam/apps/865540/capsule_sm_120.jpg?t=1530013561','https://store.steampowered.com/app/865540/PLAYNE__The_Meditation_Game/?snr=1_7_7_230_150_8','108.000₫'),(865990,'Highway Junkie','https://steamcdn-a.akamaihd.net/steam/apps/865990/capsule_sm_120.jpg?t=1529495528','https://store.steampowered.com/app/865990/Highway_Junkie/?snr=1_7_7_230_150_15','30.000₫'),(866340,'Colonumbers','https://steamcdn-a.akamaihd.net/steam/apps/866340/capsule_184x69.jpg?t=1529433062','https://store.steampowered.com/app/866340/Colonumbers/?snr=1_tags_4__103','15.000₫'),(866540,'VR Flush','https://steamcdn-a.akamaihd.net/steam/apps/866540/capsule_sm_120.jpg?t=1529531681','https://store.steampowered.com/app/866540/VR_Flush/?snr=1_7_7_230_150_13','Free'),(866790,'Myths of the World: Of Fiends and Fairies Collector\'s Edition','https://steamcdn-a.akamaihd.net/steam/apps/866790/capsule_sm_120.jpg?t=1529340006','https://store.steampowered.com/app/866790/Myths_of_the_World_Of_Fiends_and_Fairies_Collectors_Edition/?snr=1_7_7_230_150_19','150.000₫'),(867240,'Naval Action - Admiralty Connection','https://steamcdn-a.akamaihd.net/steam/apps/867240/capsule_sm_120.jpg?t=1529662173','https://store.steampowered.com/app/867240/Naval_Action__Admiralty_Connection/?snr=1_7_7_230_150_9','148.500₫'),(867460,'PLANET RESERVE','https://steamcdn-a.akamaihd.net/steam/apps/867460/capsule_sm_120.jpg?t=1529638341','https://store.steampowered.com/app/867460/PLANET_RESERVE/?snr=1_7_7_230_150_9','225.000₫'),(867510,'PHOTON CUBE','https://steamcdn-a.akamaihd.net/steam/apps/867510/capsule_sm_120.jpg?t=1530151343','https://store.steampowered.com/app/867510/PHOTON_CUBE/?snr=1_7_7_230_150_2','81.000₫'),(867550,'Range Ball','https://steamcdn-a.akamaihd.net/steam/apps/867550/capsule_sm_120.jpg?t=1529489960','https://store.steampowered.com/app/867550/Range_Ball/?snr=1_7_7_230_150_15','15.000₫'),(867610,'Shadow Council: The Puppeteers','https://steamcdn-a.akamaihd.net/steam/apps/867610/capsule_sm_120.jpg?t=1529663073','https://store.steampowered.com/app/867610/Shadow_Council_The_Puppeteers/?snr=1_7_7_230_150_11','54.000₫'),(867640,'Office Race','https://steamcdn-a.akamaihd.net/steam/apps/867640/capsule_184x69.jpg?t=1528829383','https://store.steampowered.com/app/867640/Office_Race/?snr=1_tags_4__103','80.000₫'),(867730,'Pixel Traffic: Highway Racing','https://steamcdn-a.akamaihd.net/steam/apps/867730/capsule_184x69.jpg?t=1528296268','https://store.steampowered.com/app/867730/Pixel_Traffic_Highway_Racing/?snr=1_tags_4__103','7.500₫'),(868090,'Battle Summoners VR Basic','https://steamcdn-a.akamaihd.net/steam/apps/868090/capsule_sm_120.jpg?t=1529694026','https://store.steampowered.com/app/868090/Battle_Summoners_VR_Basic/?snr=1_7_7_230_150_8','Free To Play'),(868120,'SixGenerals-Elite(六小将精英包)','https://steamcdn-a.akamaihd.net/steam/apps/868120/capsule_sm_120.jpg?t=1529636015','https://store.steampowered.com/app/868120/SixGeneralsElite/?snr=1_7_7_230_150_10','Free'),(868240,'FINSummerVR','https://steamcdn-a.akamaihd.net/steam/apps/868240/capsule_sm_120.jpg?t=1530118833','https://store.steampowered.com/app/868240/FINSummerVR/?snr=1_7_7_230_150_2','102.000₫'),(868320,'噬元之主','https://steamcdn-a.akamaihd.net/steam/apps/868320/capsule_sm_120.jpg?t=1529664040','https://store.steampowered.com/app/868320/_/?snr=1_7_7_230_150_9','Free To Play'),(868440,'Apostasy','https://steamcdn-a.akamaihd.net/steam/apps/868440/capsule_sm_120.jpg?t=1529590199','https://store.steampowered.com/app/868440/Apostasy/?snr=1_7_7_230_150_11','120.000₫'),(868510,'The Outsiders','https://steamcdn-a.akamaihd.net/steam/apps/868510/capsule_sm_120.jpg?t=1529356990','https://store.steampowered.com/app/868510/The_Outsiders/?snr=1_7_7_230_150_19','43.000₫'),(868780,'I Cyborg','https://steamcdn-a.akamaihd.net/steam/apps/868780/capsule_sm_120.jpg?t=1530194531','https://store.steampowered.com/app/868780/I_Cyborg/?snr=1_7_7_230_150_1','52.000₫'),(868860,'Sisters in Hotel: Episode 3','https://steamcdn-a.akamaihd.net/steam/apps/868860/capsule_sm_120.jpg?t=1528963991','https://store.steampowered.com/app/868860/Sisters_in_Hotel_Episode_3/?snr=1_7_7_230_150_5',''),(869280,'RapStar Tycoon','https://steamcdn-a.akamaihd.net/steam/apps/869280/capsule_sm_120.jpg?t=1529957040','https://store.steampowered.com/app/869280/RapStar_Tycoon/?snr=1_7_7_230_150_12','64.000₫'),(869300,'The Darkest Woods','https://steamcdn-a.akamaihd.net/steam/apps/869300/capsule_sm_120.jpg?t=1530176577','https://store.steampowered.com/app/869300/The_Darkest_Woods/?snr=1_7_7_230_150_1','43.000₫'),(869590,'U-BOOT 1945','https://steamcdn-a.akamaihd.net/steam/apps/869590/capsule_sm_120.jpg?t=1529339815','https://store.steampowered.com/app/869590/UBOOT_1945/?snr=1_7_7_230_150_19','30.000₫'),(869680,'Audio Converter','https://steamcdn-a.akamaihd.net/steam/apps/869680/capsule_sm_120.jpg?t=1530075306','https://store.steampowered.com/app/869680/Audio_Converter/?snr=1_7_7_230_150_14','90.000₫'),(869780,'Super Golf 2018','https://steamcdn-a.akamaihd.net/steam/apps/869780/capsule_184x69.jpg?t=1528727035','https://store.steampowered.com/app/869780/Super_Golf_2018/?snr=1_tags_4__103','7.500₫'),(869930,'Up And Up','https://steamcdn-a.akamaihd.net/steam/apps/869930/capsule_sm_120.jpg?t=1530178111','https://store.steampowered.com/app/869930/Up_And_Up/?snr=1_7_7_230_150_13','15.000₫'),(870030,'Polymatic','https://steamcdn-a.akamaihd.net/steam/apps/870030/capsule_sm_120.jpg?t=1530100420','https://store.steampowered.com/app/870030/Polymatic/?snr=1_7_7_230_150_3','9.000₫'),(870090,'Lems®','https://steamcdn-a.akamaihd.net/steam/apps/870090/capsule_sm_120.jpg?t=1529618546','https://store.steampowered.com/app/870090/Lems/?snr=1_7_7_230_150_10','189.000₫'),(870110,'The Monsters\' History Book 怪物的历史书','https://steamcdn-a.akamaihd.net/steam/apps/870110/capsule_sm_120.jpg?t=1530100044','https://store.steampowered.com/app/870110/The_Monsters_History_Book/?snr=1_7_7_230_150_3','33.500₫'),(870190,'That Which Binds Us','https://steamcdn-a.akamaihd.net/steam/apps/870190/capsule_sm_120.jpg?t=1530035520','https://store.steampowered.com/app/870190/That_Which_Binds_Us/?snr=1_7_7_230_150_5','99.000₫'),(870420,'Movavi Video Editor Plus 14','https://steamcdn-a.akamaihd.net/steam/apps/870420/capsule_sm_120.jpg?t=1529667601','https://store.steampowered.com/app/870420/Movavi_Video_Editor_Plus_14/?snr=1_7_7_230_150_15','480.000₫'),(870450,'Fobia','https://steamcdn-a.akamaihd.net/steam/apps/870450/capsule_sm_120.jpg?t=1529527273','https://store.steampowered.com/app/870450/Fobia/?snr=1_7_7_230_150_15','80.000₫'),(870590,'Moonbase Down','https://steamcdn-a.akamaihd.net/steam/apps/870590/capsule_sm_120.jpg?t=1529454118','https://store.steampowered.com/app/870590/Moonbase_Down/?snr=1_7_7_230_150_15','43.000₫'),(870620,'One Deck Dungeon - Caliana','https://steamcdn-a.akamaihd.net/steam/apps/870620/capsule_sm_120.jpg?t=1530024400','https://store.steampowered.com/app/870620/One_Deck_Dungeon__Caliana/?snr=1_7_7_230_150_11','15.000₫'),(870750,'SMASH IT','https://steamcdn-a.akamaihd.net/steam/apps/870750/capsule_sm_120.jpg?t=1529505581','https://store.steampowered.com/app/870750/SMASH_IT/?snr=1_7_7_230_150_14','30.000₫'),(870960,'The Darkest Woods Demo','https://steamcdn-a.akamaihd.net/steam/apps/870960/capsule_sm_120.jpg?t=1530176591','https://store.steampowered.com/app/869300/The_Darkest_Woods/?snr=1_7_7_230_150_1','Free Demo'),(871170,'3tene','https://steamcdn-a.akamaihd.net/steam/apps/871170/capsule_sm_120.jpg?t=1529287581','https://store.steampowered.com/app/871170/3tene/?snr=1_7_7_230_150_19','Free'),(871250,'RPG Maker VX Ace - Light Novel Standard Music','https://steamcdn-a.akamaihd.net/steam/apps/871250/capsule_sm_120.jpg?t=1529598536','https://store.steampowered.com/app/871250/RPG_Maker_VX_Ace_Light_Novel_Standard_Music/?snr=1_7_7_230_150_11','252.000₫'),(871420,'Lovecraft\'s Untold Stories','https://steamcdn-a.akamaihd.net/steam/apps/871420/capsule_sm_120.jpg?t=1529739591','https://store.steampowered.com/app/871420/Lovecrafts_Untold_Stories/?snr=1_7_7_230_150_7','150.000₫'),(871470,'White Nothing','https://steamcdn-a.akamaihd.net/steam/apps/871470/capsule_sm_120.jpg?t=1529927449','https://store.steampowered.com/app/871470/White_Nothing/?snr=1_7_7_230_150_6','21.000₫'),(871490,'Macunx VR','https://steamcdn-a.akamaihd.net/steam/apps/871490/capsule_sm_120.jpg?t=1529511160','https://store.steampowered.com/app/871490/Macunx_VR/?snr=1_7_7_230_150_14','Free To Play'),(871510,'Wheelchair Simulator','https://steamcdn-a.akamaihd.net/steam/apps/871510/capsule_184x69.jpg?t=1528822844','https://store.steampowered.com/app/871510/Wheelchair_Simulator/?snr=1_tags_4__103','70.000₫'),(871580,'SUPER BALL WRESTLE YES','https://steamcdn-a.akamaihd.net/steam/apps/871580/capsule_sm_120.jpg?t=1529998924','https://store.steampowered.com/app/871580/SUPER_BALL_WRESTLE_YES/?snr=1_7_7_230_150_17','130.000₫'),(871670,'Tomb Reader: TrapLand','https://steamcdn-a.akamaihd.net/steam/apps/871670/capsule_sm_120.jpg?t=1529409760','https://store.steampowered.com/app/871670/Tomb_Reader_TrapLand/?snr=1_7_7_230_150_7',''),(871720,'Ultimate Custom Night','https://steamcdn-a.akamaihd.net/steam/apps/871720/capsule_sm_120.jpg?t=1530109314','https://store.steampowered.com/app/871720/Ultimate_Custom_Night/?snr=1_7_7_230_150_3','Free'),(871870,'Alone','https://steamcdn-a.akamaihd.net/steam/apps/871870/capsule_sm_120.jpg?t=1529593260','https://store.steampowered.com/app/871870/Alone/?snr=1_7_7_230_150_12','15.000₫'),(871970,'The Legacy: Prisoner Demo','https://steamcdn-a.akamaihd.net/steam/apps/871970/capsule_sm_120.jpg?t=1529388497','https://store.steampowered.com/app/846700/The_Legacy_Prisoner/?snr=1_7_7_230_150_18','Free Demo'),(872000,'Beerd leaver','https://steamcdn-a.akamaihd.net/steam/apps/872000/capsule_sm_120.jpg?t=1529782760','https://store.steampowered.com/app/872000/Beerd_leaver/?snr=1_7_7_230_150_6','9.000₫'),(872090,'Freezeer','https://steamcdn-a.akamaihd.net/steam/apps/872090/capsule_sm_120.jpg?t=1529570604','https://store.steampowered.com/app/872090/Freezeer/?snr=1_7_7_230_150_12','9.000₫'),(872170,'The Jurassic Dead','https://steamcdn-a.akamaihd.net/steam/apps/872170/capsule_sm_120.jpg?t=1530135373','https://store.steampowered.com/app/872170/The_Jurassic_Dead/?snr=1_7_7_230_150_2','43.000₫'),(872240,'Nick Beard: The Fedora of Destiny','https://steamcdn-a.akamaihd.net/steam/apps/872240/capsule_sm_120.jpg?t=1529643030','https://store.steampowered.com/app/872240/Nick_Beard_The_Fedora_of_Destiny/?snr=1_7_7_230_150_3','Free'),(872290,'Smart Cube Demo','https://steamcdn-a.akamaihd.net/steam/apps/872290/capsule_sm_120.jpg?t=1530175863','https://store.steampowered.com/app/722210/Smart_Cube/?snr=1_7_7_230_150_1','Free Demo'),(872360,'Fruit Hoop','https://steamcdn-a.akamaihd.net/steam/apps/872360/capsule_sm_120.jpg?t=1530235456','https://store.steampowered.com/app/872360/Fruit_Hoop/?snr=1_7_7_230_150_1','11.000₫'),(872400,'Capsella The Lights of Lucern','https://steamcdn-a.akamaihd.net/steam/apps/872400/capsule_sm_120.jpg?t=1529719325','https://store.steampowered.com/app/872400/Capsella_The_Lights_of_Lucern/?snr=1_7_7_230_150_7','148.500₫'),(872440,'rumii','https://steamcdn-a.akamaihd.net/steam/apps/872440/capsule_sm_120.jpg?t=1530058538','https://store.steampowered.com/app/872440/rumii/?snr=1_7_7_230_150_4','Free'),(872590,'探灵警探','https://steamcdn-a.akamaihd.net/steam/apps/872590/capsule_sm_120.jpg?t=1529979477','https://store.steampowered.com/app/872590/_/?snr=1_7_7_230_150_5','15.000₫'),(872600,'创史者Hist Maker','https://steamcdn-a.akamaihd.net/steam/apps/872600/capsule_sm_120.jpg?t=1529713771','https://store.steampowered.com/app/872600/Hist_Maker/?snr=1_7_7_230_150_7',''),(872680,'Z Dawn','https://steamcdn-a.akamaihd.net/steam/apps/872680/capsule_184x69.jpg?t=1530159374','https://store.steampowered.com/app/872680/Z_Dawn/?snr=1_tags_4__103','96.000₫'),(872990,'Stream Games','https://steamcdn-a.akamaihd.net/steam/apps/872990/capsule_sm_120.jpg?t=1529477596','https://store.steampowered.com/app/872990/Stream_Games/?snr=1_7_7_230_150_7',''),(873150,'SharpShooter3D','https://steamcdn-a.akamaihd.net/steam/apps/873150/capsule_sm_120.jpg?t=1527880876','https://store.steampowered.com/app/873150/SharpShooter3D/?snr=1_7_7_230_150_7',''),(873190,'ЕСТЬ ДВА СТУЛА','https://steamcdn-a.akamaihd.net/steam/apps/873190/capsule_sm_120.jpg?t=1529738531','https://store.steampowered.com/app/873190/_/?snr=1_7_7_230_150_17','7.500₫'),(873220,'SurvivalZ Battlegrounds','https://steamcdn-a.akamaihd.net/steam/apps/873220/capsule_184x69.jpg?t=1529112462','https://store.steampowered.com/app/873220/SurvivalZ_Battlegrounds/?snr=1_tags_4__103','15.000₫'),(873230,'The King\'s Request: Physiology and Anatomy Revision Game','https://steamcdn-a.akamaihd.net/steam/apps/873230/capsule_sm_120.jpg?t=1530157907','https://store.steampowered.com/app/873230/The_Kings_Request_Physiology_and_Anatomy_Revision_Game/?snr=1_7_7_230_150_6','Free'),(873310,'A Typewriter’s Story','https://steamcdn-a.akamaihd.net/steam/apps/873310/capsule_sm_120.jpg?t=1530170935','https://store.steampowered.com/app/873310/A_Typewriters_Story/?snr=1_7_7_230_150_9','15.000₫'),(873340,'Color by Numbers - Flowers Demo','https://steamcdn-a.akamaihd.net/steam/apps/873340/capsule_sm_120.jpg?t=1529653528','https://store.steampowered.com/app/873330/Color_by_Numbers__Flowers/?snr=1_7_7_230_150_9','Free Demo'),(873370,'モデルDEファイト(Model DE Fight)','https://steamcdn-a.akamaihd.net/steam/apps/873370/capsule_sm_120.jpg?t=1529922008','https://store.steampowered.com/app/873370/DEModel_DE_Fight/?snr=1_7_7_230_150_6','Free To Play'),(873610,'mr.Vegan','https://steamcdn-a.akamaihd.net/steam/apps/873610/capsule_sm_120.jpg?t=1529523899','https://store.steampowered.com/app/873610/mrVegan/?snr=1_7_7_230_150_14','15.000₫'),(873620,'Kitty Run','https://steamcdn-a.akamaihd.net/steam/apps/873620/capsule_sm_120.jpg?t=1529336226','https://store.steampowered.com/app/873620/Kitty_Run/?snr=1_7_7_230_150_19','15.000₫'),(873730,'Under The War','https://steamcdn-a.akamaihd.net/steam/apps/873730/capsule_sm_120.jpg?t=1529463578','https://store.steampowered.com/app/873730/Under_The_War/?snr=1_7_7_230_150_15','30.000₫'),(873790,'Freebot : Battle for FreeWeb','https://steamcdn-a.akamaihd.net/steam/apps/873790/capsule_sm_120.jpg?t=1530010428','https://store.steampowered.com/app/873790/Freebot__Battle_for_FreeWeb/?snr=1_7_7_230_150_19','30.000₫'),(873970,'Virtual Families 2: Our Dream House','https://steamcdn-a.akamaihd.net/steam/apps/873970/capsule_sm_120.jpg?t=1529930948','https://store.steampowered.com/app/873970/Virtual_Families_2_Our_Dream_House/?snr=1_7_7_230_150_6','100.000₫'),(874010,'aMAZE Classic: Inverted','https://steamcdn-a.akamaihd.net/steam/apps/874010/capsule_sm_120.jpg?t=1529390887','https://store.steampowered.com/app/874010/aMAZE_Classic_Inverted/?snr=1_7_7_230_150_18','15.000₫'),(874090,'Living with Jaguars','https://steamcdn-a.akamaihd.net/steam/apps/874090/capsule_sm_120.jpg?t=1529517126','https://store.steampowered.com/app/874090/Living_with_Jaguars/?snr=1_7_7_230_150_14','70.000₫'),(874100,'LGBT BATTLEGROUNDS','https://steamcdn-a.akamaihd.net/steam/apps/874100/capsule_184x69.jpg?t=1529417494','https://store.steampowered.com/app/874100/LGBT_BATTLEGROUNDS/?snr=1_tags_4__103','15.000₫'),(874130,'HUNTER BRICK BALL','https://steamcdn-a.akamaihd.net/steam/apps/874130/capsule_sm_120.jpg?t=1529919899','https://store.steampowered.com/app/874130/HUNTER_BRICK_BALL/?snr=1_7_7_230_150_11','21.000₫'),(874140,'Othello 2018','https://steamcdn-a.akamaihd.net/steam/apps/874140/capsule_sm_120.jpg?t=1529594912','https://store.steampowered.com/app/874140/Othello_2018/?snr=1_7_7_230_150_11','13.500₫'),(874180,'Vanguardian','https://steamcdn-a.akamaihd.net/steam/apps/874180/capsule_sm_120.jpg?t=1529778488','https://store.steampowered.com/app/874180/Vanguardian/?snr=1_7_7_230_150_8','120.000₫'),(874200,'Swipe Fruit Smash','https://steamcdn-a.akamaihd.net/steam/apps/874200/capsule_sm_120.jpg?t=1529920738','https://store.steampowered.com/app/874200/Swipe_Fruit_Smash/?snr=1_7_7_230_150_6','54.500₫'),(874270,'Sphaera','https://steamcdn-a.akamaihd.net/steam/apps/874270/capsule_sm_120.jpg?t=1530052623','https://store.steampowered.com/app/874270/Sphaera/?snr=1_7_7_230_150_4','84.000₫'),(874380,'Chess Puzzles','https://steamcdn-a.akamaihd.net/steam/apps/874380/capsule_sm_120.jpg?t=1530001964','https://store.steampowered.com/app/874380/Chess_Puzzles/?snr=1_7_7_230_150_13','7.500₫'),(874410,'Kinaman vs Gray Elephant - Hard Level Pack','https://steamcdn-a.akamaihd.net/steam/apps/874410/capsule_sm_120.jpg?t=1529571586','https://store.steampowered.com/app/874410/Kinaman_vs_Gray_Elephant__Hard_Level_Pack/?snr=1_7_7_230_150_12','9.000₫'),(874420,'Headache - Artworks','https://steamcdn-a.akamaihd.net/steam/apps/874420/capsule_sm_120.jpg?t=1529403961','https://store.steampowered.com/app/874420/Headache__Artworks/?snr=1_7_7_230_150_18','15.000₫'),(874421,'Headache - OST','https://steamcdn-a.akamaihd.net/steam/apps/874421/capsule_sm_120.jpg?t=1529403964','https://store.steampowered.com/app/874421/Headache__OST/?snr=1_7_7_230_150_18','15.000₫'),(874430,'Bit-Boom - Artworks','https://steamcdn-a.akamaihd.net/steam/apps/874430/capsule_sm_120.jpg?t=1529403971','https://store.steampowered.com/app/874430/BitBoom__Artworks/?snr=1_7_7_230_150_17','15.000₫'),(874431,'Bit-Boom - OST','https://steamcdn-a.akamaihd.net/steam/apps/874431/capsule_sm_120.jpg?t=1529403968','https://store.steampowered.com/app/874431/BitBoom__OST/?snr=1_7_7_230_150_17','15.000₫'),(874690,'Maze And Dagger','https://steamcdn-a.akamaihd.net/steam/apps/874690/capsule_sm_120.jpg?t=1529436279','https://store.steampowered.com/app/874690/Maze_And_Dagger/?snr=1_7_7_230_150_15','165.000₫'),(874710,'Dungeon Defenders II - Jumpstart Pack','https://steamcdn-a.akamaihd.net/steam/apps/874710/capsule_sm_120.jpg?t=1529593301','https://store.steampowered.com/app/874710/Dungeon_Defenders_II__Jumpstart_Pack/?snr=1_7_7_230_150_12','99.000₫'),(874730,'Dungeon Defenders II - Definitive Pack','https://steamcdn-a.akamaihd.net/steam/apps/874730/capsule_sm_120.jpg?t=1529588503','https://store.steampowered.com/app/874730/Dungeon_Defenders_II__Definitive_Pack/?snr=1_7_7_230_150_12','234.000₫'),(874740,'Dungeon Defenders II - Supporter Pack','https://steamcdn-a.akamaihd.net/steam/apps/874740/capsule_sm_120.jpg?t=1529588554','https://store.steampowered.com/app/874740/Dungeon_Defenders_II__Supporter_Pack/?snr=1_7_7_230_150_11','474.000₫'),(874750,'Dungeon Defenders II - Classic Pack','https://steamcdn-a.akamaihd.net/steam/apps/874750/capsule_sm_120.jpg?t=1529588470','https://store.steampowered.com/app/874750/Dungeon_Defenders_II__Classic_Pack/?snr=1_7_7_230_150_12','132.000₫'),(874810,'Brick Breaker Premium 3','https://steamcdn-a.akamaihd.net/steam/apps/874810/capsule_sm_120.jpg?t=1529702970','https://store.steampowered.com/app/874810/Brick_Breaker_Premium_3/?snr=1_7_7_230_150_7','13.500₫'),(874830,'School of Horror','https://steamcdn-a.akamaihd.net/steam/apps/874830/capsule_sm_120.jpg?t=1529736876','https://store.steampowered.com/app/874830/School_of_Horror/?snr=1_7_7_230_150_11','18.000₫'),(874840,'ArcBall 3: Infinity','https://steamcdn-a.akamaihd.net/steam/apps/874840/capsule_sm_120.jpg?t=1529057296','https://store.steampowered.com/app/874840/ArcBall_3_Infinity/?snr=1_7_7_230_150_7',''),(875150,'RPG Maker MV - Light Novel Standard Music','https://steamcdn-a.akamaihd.net/steam/apps/875150/capsule_sm_120.jpg?t=1529598712','https://store.steampowered.com/app/875150/RPG_Maker_MV_Light_Novel_Standard_Music/?snr=1_7_7_230_150_11','252.000₫'),(875152,'RPG Maker MV - Time Fantasy: Monsters','https://steamcdn-a.akamaihd.net/steam/apps/875152/capsule_sm_120.jpg?t=1529641355','https://store.steampowered.com/app/875152/RPG_Maker_MV__Time_Fantasy_Monsters/?snr=1_7_7_230_150_11','90.000₫'),(875190,'Song of Memories -Piece of Melody- Original Soundtrack','https://steamcdn-a.akamaihd.net/steam/apps/875190/capsule_sm_120.jpg?t=1529667496','https://store.steampowered.com/app/875190/Song_of_Memories_Piece_of_Melody_Original_Soundtrack/?snr=1_7_7_230_150_13','70.000₫'),(875200,'Song of Memories -for Memories- Dream 4 You music Album','https://steamcdn-a.akamaihd.net/steam/apps/875200/capsule_sm_120.jpg?t=1529668522','https://store.steampowered.com/app/875200/Song_of_Memories_for_Memories_Dream_4_You_music_Album/?snr=1_7_7_230_150_13','110.000₫'),(875220,'Song of Memories -for Memories- Dream 4 You solo music Album','https://steamcdn-a.akamaihd.net/steam/apps/875220/capsule_sm_120.jpg?t=1529668465','https://store.steampowered.com/app/875220/Song_of_Memories_for_Memories_Dream_4_You_solo_music_Album/?snr=1_7_7_230_150_13','110.000₫'),(875250,'Recursive Dragon','https://steamcdn-a.akamaihd.net/steam/apps/875250/capsule_sm_120.jpg?t=1529561315','https://store.steampowered.com/app/875250/Recursive_Dragon/?snr=1_7_7_230_150_13','58.000₫'),(875420,'XRY','https://steamcdn-a.akamaihd.net/steam/apps/875420/capsule_sm_120.jpg?t=1529662075','https://store.steampowered.com/app/875420/XRY/?snr=1_7_7_230_150_9','120.000₫'),(875430,'Hentai Words','https://steamcdn-a.akamaihd.net/steam/apps/875430/capsule_sm_120.jpg?t=1529425902','https://store.steampowered.com/app/875430/Hentai_Words/?snr=1_7_7_230_150_16','15.000₫'),(875510,'Midnight Awake','https://steamcdn-a.akamaihd.net/steam/apps/875510/capsule_sm_120.jpg?t=1529478176','https://store.steampowered.com/app/875510/Midnight_Awake/?snr=1_7_7_230_150_15','70.000₫'),(875550,'Vogue The Explorer','https://steamcdn-a.akamaihd.net/steam/apps/875550/capsule_sm_120.jpg?t=1528176764','https://store.steampowered.com/app/875550/Vogue_The_Explorer/?snr=1_7_7_230_150_14',''),(875630,'Call each NEW YEAR','https://steamcdn-a.akamaihd.net/steam/apps/875630/capsule_sm_120.jpg?t=1529651629','https://store.steampowered.com/app/875630/Call_each_NEW_YEAR/?snr=1_7_7_230_150_9','38.500₫'),(875650,'Escape Artist Demo','https://steamcdn-a.akamaihd.net/steam/apps/875650/capsule_sm_120.jpg?t=1530231884','https://store.steampowered.com/app/875640/Escape_Artist/?snr=1_7_7_230_150_1','Free Demo'),(875670,'Anime PuzzleZzz','https://steamcdn-a.akamaihd.net/steam/apps/875670/capsule_sm_120.jpg?t=1530042234','https://store.steampowered.com/app/875670/Anime_PuzzleZzz/?snr=1_7_7_230_150_2',''),(875710,'BRANE™: Prototype','https://steamcdn-a.akamaihd.net/steam/apps/875710/capsule_sm_120.jpg?t=1527979309','https://store.steampowered.com/app/875710/BRANE_Prototype/?snr=1_7_7_230_150_8','Free'),(875780,'Trivia King','https://steamcdn-a.akamaihd.net/steam/apps/875780/capsule_sm_120.jpg?t=1529704976','https://store.steampowered.com/app/875780/Trivia_King/?snr=1_7_7_230_150_7','13.500₫'),(875790,'The Movie Trivia Challenge','https://steamcdn-a.akamaihd.net/steam/apps/875790/capsule_sm_120.jpg?t=1529773360','https://store.steampowered.com/app/875790/The_Movie_Trivia_Challenge/?snr=1_7_7_230_150_7','13.500₫'),(875840,'Bookers: Underground Chapter','https://steamcdn-a.akamaihd.net/steam/apps/875840/capsule_sm_120.jpg?t=1530213521','https://store.steampowered.com/app/875840/Bookers_Underground_Chapter/?snr=1_7_7_230_150_1','66.000₫'),(875890,'OST and Art Pack - Just Bearly','https://steamcdn-a.akamaihd.net/steam/apps/875890/capsule_sm_120.jpg?t=1529982016','https://store.steampowered.com/app/875890/OST_and_Art_Pack__Just_Bearly/?snr=1_7_7_230_150_5','26.000₫'),(876180,'Skyscrapers Puzzle: Airi\'s tale','https://steamcdn-a.akamaihd.net/steam/apps/876180/capsule_sm_120.jpg?t=1530169802','https://store.steampowered.com/app/876180/Skyscrapers_Puzzle_Airis_tale/?snr=1_7_7_230_150_1','49.500₫'),(876200,'Laserium','https://steamcdn-a.akamaihd.net/steam/apps/876200/capsule_sm_120.jpg?t=1529517294','https://store.steampowered.com/app/876200/Laserium/?snr=1_7_7_230_150_13','7.500₫'),(876290,'Let\'s Split Up (A Visual Novel)','https://steamcdn-a.akamaihd.net/steam/apps/876290/capsule_sm_120.jpg?t=1528347902','https://store.steampowered.com/app/876290/Lets_Split_Up_A_Visual_Novel/?snr=1_7_7_230_150_7',''),(876300,'ROAD HOMEWARD','https://steamcdn-a.akamaihd.net/steam/apps/876300/capsule_sm_120.jpg?t=1529912078','https://store.steampowered.com/app/876300/ROAD_HOMEWARD/?snr=1_7_7_230_150_6','58.000₫'),(876310,'BIG POGO MAN','https://steamcdn-a.akamaihd.net/steam/apps/876310/capsule_sm_120.jpg?t=1529989227','https://store.steampowered.com/app/876310/BIG_POGO_MAN/?snr=1_7_7_230_150_5','63.000₫'),(876380,'Underwater hunting','https://steamcdn-a.akamaihd.net/steam/apps/876380/capsule_sm_120.jpg?t=1529500930','https://store.steampowered.com/app/876380/Underwater_hunting/?snr=1_7_7_230_150_14','15.000₫'),(876450,'Graviteam Tactics: Tielieketi Incident','https://steamcdn-a.akamaihd.net/steam/apps/876450/capsule_sm_120.jpg?t=1529690871','https://store.steampowered.com/app/876450/Graviteam_Tactics_Tielieketi_Incident/?snr=1_7_7_230_150_8','59.500₫'),(876480,'Vosaria: Lair of the Forgotten','https://steamcdn-a.akamaihd.net/steam/apps/876480/capsule_sm_120.jpg?t=1529697493','https://store.steampowered.com/app/876480/Vosaria_Lair_of_the_Forgotten/?snr=1_7_7_230_150_8','56.000₫'),(876510,'Chasing the Stars Demo','https://steamcdn-a.akamaihd.net/steam/apps/876510/capsule_sm_120.jpg?t=1529416764','https://store.steampowered.com/app/763990/Chasing_the_Stars/?snr=1_7_7_230_150_17','Free Demo'),(876600,'Space Ranger vs. Reptiloids','https://steamcdn-a.akamaihd.net/steam/apps/876600/capsule_sm_120.jpg?t=1529387118','https://store.steampowered.com/app/876600/Space_Ranger_vs_Reptiloids/?snr=1_7_7_230_150_18','30.000₫'),(876860,'Magic Chess','https://steamcdn-a.akamaihd.net/steam/apps/876860/capsule_sm_120.jpg?t=1529479536','https://store.steampowered.com/app/876860/Magic_Chess/?snr=1_7_7_230_150_15','80.000₫'),(876900,'Climb','https://steamcdn-a.akamaihd.net/steam/apps/876900/capsule_sm_120.jpg?t=1529513362','https://store.steampowered.com/app/876900/Climb/?snr=1_7_7_230_150_14','Free To Play'),(876910,'Aquarium Simulator','https://steamcdn-a.akamaihd.net/steam/apps/876910/capsule_sm_120.jpg?t=1529645112','https://store.steampowered.com/app/876910/Aquarium_Simulator/?snr=1_7_7_230_150_10','36.500₫'),(876920,'Lost In Secular Love - Original Soundtracks','https://steamcdn-a.akamaihd.net/steam/apps/876920/capsule_sm_120.jpg?t=1530083001','https://store.steampowered.com/app/876920/Lost_In_Secular_Love__Original_Soundtracks/?snr=1_7_7_230_150_18','90.000₫'),(876970,'Zaccaria Pinball - Winter Sports 2018 Table','https://steamcdn-a.akamaihd.net/steam/apps/876970/capsule_sm_120.jpg?t=1529514615','https://store.steampowered.com/app/876970/Zaccaria_Pinball__Winter_Sports_2018_Table/?snr=1_7_7_230_150_14','43.000₫'),(876971,'Zaccaria Pinball - Tropical Table','https://steamcdn-a.akamaihd.net/steam/apps/876971/capsule_sm_120.jpg?t=1529663436','https://store.steampowered.com/app/876971/Zaccaria_Pinball__Tropical_Table/?snr=1_7_7_230_150_14','30.000₫'),(877070,'Ticktock','https://steamcdn-a.akamaihd.net/steam/apps/877070/capsule_sm_120.jpg?t=1529935356','https://store.steampowered.com/app/877070/Ticktock/?snr=1_7_7_230_150_6','56.000₫'),(877180,'Candy','https://steamcdn-a.akamaihd.net/steam/apps/877180/capsule_sm_120.jpg?t=1529444682','https://store.steampowered.com/app/877180/Candy/?snr=1_7_7_230_150_15','12.000₫'),(877190,'Flamebound','https://steamcdn-a.akamaihd.net/steam/apps/877190/capsule_sm_120.jpg?t=1530103619','https://store.steampowered.com/app/877190/Flamebound/?snr=1_7_7_230_150_3','38.500₫'),(877250,'Devochka Quest','https://steamcdn-a.akamaihd.net/steam/apps/877250/capsule_sm_120.jpg?t=1529570936','https://store.steampowered.com/app/877250/Devochka_Quest/?snr=1_7_7_230_150_12','43.000₫'),(877260,'Retro Snake','https://steamcdn-a.akamaihd.net/steam/apps/877260/capsule_sm_120.jpg?t=1529517368','https://store.steampowered.com/app/877260/Retro_Snake/?snr=1_7_7_230_150_13','7.500₫'),(877370,'CLICKER ACHIEVEMENTS - THE IMPOSSIBLE CHALLENGE','https://steamcdn-a.akamaihd.net/steam/apps/877370/capsule_sm_120.jpg?t=1529567861','https://store.steampowered.com/app/877370/CLICKER_ACHIEVEMENTS__THE_IMPOSSIBLE_CHALLENGE/?snr=1_7_7_230_150_12','12.000₫'),(877500,'QuestEvent OST','https://steamcdn-a.akamaihd.net/steam/apps/877500/capsule_sm_120.jpg?t=1529449306','https://store.steampowered.com/app/877500/QuestEvent_OST/?snr=1_7_7_230_150_15','15.000₫'),(877750,'Coinon','https://steamcdn-a.akamaihd.net/steam/apps/877750/capsule_sm_120.jpg?t=1529403202','https://store.steampowered.com/app/877750/Coinon/?snr=1_7_7_230_150_18','130.000₫'),(877760,'Thick Light','https://steamcdn-a.akamaihd.net/steam/apps/877760/capsule_sm_120.jpg?t=1528175272','https://store.steampowered.com/app/877760/Thick_Light/?snr=1_7_7_230_150_19',''),(877780,'Puzzles for smart: Cats','https://steamcdn-a.akamaihd.net/steam/apps/877780/capsule_sm_120.jpg?t=1529692496','https://store.steampowered.com/app/877780/Puzzles_for_smart_Cats/?snr=1_7_7_230_150_8','15.000₫'),(877840,'Pixel Hentai Mosaic','https://steamcdn-a.akamaihd.net/steam/apps/877840/capsule_sm_120.jpg?t=1530194455','https://store.steampowered.com/app/877840/Pixel_Hentai_Mosaic/?snr=1_7_7_230_150_1','9.000₫'),(877950,'Arcade Love OST / ゲーセンラブ。OST','https://steamcdn-a.akamaihd.net/steam/apps/877950/capsule_sm_120.jpg?t=1529392215','https://store.steampowered.com/app/877950/Arcade_Love_OST__OST/?snr=1_7_7_230_150_18','120.000₫'),(878050,'FastGo Running','https://steamcdn-a.akamaihd.net/steam/apps/878050/capsule_sm_120.jpg?t=1529429874','https://store.steampowered.com/app/878050/FastGo_Running/?snr=1_7_7_230_150_16','30.000₫'),(878170,'Nazi','https://steamcdn-a.akamaihd.net/steam/apps/878170/capsule_sm_120.jpg?t=1530092720','https://store.steampowered.com/app/878170/Nazi/?snr=1_7_7_230_150_3','48.000₫'),(878250,'Super Jigsaw Puzzle: Monuments','https://steamcdn-a.akamaihd.net/steam/apps/878250/capsule_sm_120.jpg?t=1529586447','https://store.steampowered.com/app/878250/Super_Jigsaw_Puzzle_Monuments/?snr=1_7_7_230_150_12','56.000₫'),(878270,'Trivia Vault: Music Trivia','https://steamcdn-a.akamaihd.net/steam/apps/878270/capsule_sm_120.jpg?t=1529732454','https://store.steampowered.com/app/878270/Trivia_Vault_Music_Trivia/?snr=1_7_7_230_150_7','18.000₫'),(878410,'Unbroken Warrior','https://steamcdn-a.akamaihd.net/steam/apps/878410/capsule_sm_120.jpg?t=1529657420','https://store.steampowered.com/app/878410/Unbroken_Warrior/?snr=1_7_7_230_150_9','54.000₫'),(878480,'The Shadow of Hell','https://steamcdn-a.akamaihd.net/steam/apps/878480/capsule_sm_120.jpg?t=1529997508','https://store.steampowered.com/app/878480/The_Shadow_of_Hell/?snr=1_7_7_230_150_5','9.000₫'),(878490,'Goblins on Alien Planet','https://steamcdn-a.akamaihd.net/steam/apps/878490/capsule_sm_120.jpg?t=1529575889','https://store.steampowered.com/app/878490/Goblins_on_Alien_Planet/?snr=1_7_7_230_150_12','9.000₫'),(878520,'Sally\'s Salon: Kiss&amp; Make-Up','https://steamcdn-a.akamaihd.net/steam/apps/878520/capsule_sm_120.jpg?t=1530171753','https://store.steampowered.com/app/878520/Sallys_Salon_Kiss__MakeUp/?snr=1_7_7_230_150_1','112.500₫'),(878570,'Cryptochain','https://steamcdn-a.akamaihd.net/steam/apps/878570/capsule_sm_120.jpg?t=1529682821','https://store.steampowered.com/app/878570/Cryptochain/?snr=1_7_7_230_150_8','7.500₫'),(878610,'Don\'t Feed The Slimes!','https://steamcdn-a.akamaihd.net/steam/apps/878610/capsule_sm_120.jpg?t=1529758720','https://store.steampowered.com/app/878610/Dont_Feed_The_Slimes/?snr=1_7_7_230_150_7','58.000₫'),(878640,'LO-OP','https://steamcdn-a.akamaihd.net/steam/apps/878640/capsule_sm_120.jpg?t=1529560497','https://store.steampowered.com/app/878640/LOOP/?snr=1_7_7_230_150_11',''),(878780,'Cute Cats PuZZles','https://steamcdn-a.akamaihd.net/steam/apps/878780/capsule_sm_120.jpg?t=1529401947','https://store.steampowered.com/app/878780/Cute_Cats_PuZZles/?snr=1_7_7_230_150_18','9.000₫'),(878810,'Ashes of the Ark','https://steamcdn-a.akamaihd.net/steam/apps/878810/capsule_sm_120.jpg?t=1530108542','https://store.steampowered.com/app/878810/Ashes_of_the_Ark/?snr=1_7_7_230_150_3','150.500₫'),(878980,'Welcome To The Dreamscape','https://steamcdn-a.akamaihd.net/steam/apps/878980/capsule_sm_120.jpg?t=1530184064','https://store.steampowered.com/app/878980/Welcome_To_The_Dreamscape/?snr=1_7_7_230_150_1','70.000₫'),(879090,'Meower\'s Quest: Jasper\'s Tale','https://steamcdn-a.akamaihd.net/steam/apps/879090/capsule_sm_120.jpg?t=1529392522','https://store.steampowered.com/app/879090/Meowers_Quest_Jaspers_Tale/?snr=1_7_7_230_150_18','15.000₫'),(879180,'MindSeize Demo','https://steamcdn-a.akamaihd.net/steam/apps/879180/capsule_sm_120.jpg?t=1529484886','https://store.steampowered.com/app/851280/MindSeize/?snr=1_7_7_230_150_15','Free Demo'),(879210,'Jailbreak Russia','https://steamcdn-a.akamaihd.net/steam/apps/879210/capsule_sm_120.jpg?t=1529508895','https://store.steampowered.com/app/879210/Jailbreak_Russia/?snr=1_7_7_230_150_14','7.500₫'),(879220,'Jailbreak Craft','https://steamcdn-a.akamaihd.net/steam/apps/879220/capsule_sm_120.jpg?t=1529508900','https://store.steampowered.com/app/879220/Jailbreak_Craft/?snr=1_7_7_230_150_14','7.500₫'),(879320,'Street Karate','https://steamcdn-a.akamaihd.net/steam/apps/879320/capsule_sm_120.jpg?t=1529509173','https://store.steampowered.com/app/879320/Street_Karate/?snr=1_7_7_230_150_14','7.500₫'),(879330,'Street Karate 2','https://steamcdn-a.akamaihd.net/steam/apps/879330/capsule_sm_120.jpg?t=1529509175','https://store.steampowered.com/app/879330/Street_Karate_2/?snr=1_7_7_230_150_14','7.500₫'),(879440,'80\'s style','https://steamcdn-a.akamaihd.net/steam/apps/879440/capsule_sm_120.jpg?t=1529658312','https://store.steampowered.com/app/879440/80s_style/?snr=1_7_7_230_150_9','18.000₫'),(879670,'Battle Simulator','https://steamcdn-a.akamaihd.net/steam/apps/879670/capsule_sm_120.jpg?t=1529709818','https://store.steampowered.com/app/879670/Battle_Simulator/?snr=1_7_7_230_150_7','9.000₫'),(879730,'Warframe Limbo Prime Access: Accessories Pack','https://steamcdn-a.akamaihd.net/steam/apps/879730/capsule_sm_120.jpg?t=1529431428','https://store.steampowered.com/app/879730/Warframe_Limbo_Prime_Access_Accessories_Pack/?snr=1_7_7_230_150_16','1.128.000₫'),(879731,'Warframe Limbo Prime Access: Banish Pack','https://steamcdn-a.akamaihd.net/steam/apps/879731/capsule_sm_120.jpg?t=1529431485','https://store.steampowered.com/app/879731/Warframe_Limbo_Prime_Access_Banish_Pack/?snr=1_7_7_230_150_16','1.128.000₫'),(879732,'Warframe Limbo Prime Access: Stasis Pack','https://steamcdn-a.akamaihd.net/steam/apps/879732/capsule_sm_120.jpg?t=1529453317','https://store.steampowered.com/app/879732/Warframe_Limbo_Prime_Access_Stasis_Pack/?snr=1_7_7_230_150_16',''),(879733,'Warframe Limbo Prime Access: Cataclysm Pack','https://steamcdn-a.akamaihd.net/steam/apps/879733/capsule_sm_120.jpg?t=1529451521','https://store.steampowered.com/app/879733/Warframe_Limbo_Prime_Access_Cataclysm_Pack/?snr=1_7_7_230_150_16',''),(880200,'J15 Fighter Jet VR (歼15舰载机)','https://steamcdn-a.akamaihd.net/steam/apps/880200/capsule_sm_120.jpg?t=1529847720','https://store.steampowered.com/app/880200/J15_Fighter_Jet_VR_15/?snr=1_7_7_230_150_9','178.000₫'),(880240,'Adventure of a Lifetime - Original Sound Track','https://steamcdn-a.akamaihd.net/steam/apps/880240/capsule_sm_120.jpg?t=1529391772','https://store.steampowered.com/app/880240/Adventure_of_a_Lifetime__Original_Sound_Track/?snr=1_7_7_230_150_18','52.000₫'),(880250,'A Sky Full of Stars - Original Sound Track','https://steamcdn-a.akamaihd.net/steam/apps/880250/capsule_sm_120.jpg?t=1529391716','https://store.steampowered.com/app/880250/A_Sky_Full_of_Stars__Original_Sound_Track/?snr=1_7_7_230_150_18','63.000₫'),(880370,'Jetpack Dog','https://steamcdn-a.akamaihd.net/steam/apps/880370/capsule_sm_120.jpg?t=1529564902','https://store.steampowered.com/app/880370/Jetpack_Dog/?snr=1_7_7_230_150_12','7.500₫'),(880480,'Jetpack Dog - OST','https://steamcdn-a.akamaihd.net/steam/apps/880480/capsule_sm_120.jpg?t=1529565062','https://store.steampowered.com/app/880480/Jetpack_Dog__OST/?snr=1_7_7_230_150_12','7.500₫'),(880550,'How to be Best Russian Game Developer','https://steamcdn-a.akamaihd.net/steam/apps/880550/capsule_sm_120.jpg?t=1529655522','https://store.steampowered.com/app/880550/How_to_be_Best_Russian_Game_Developer/?snr=1_7_7_230_150_9','7.500₫'),(880570,'Drugs to Bee','https://steamcdn-a.akamaihd.net/steam/apps/880570/capsule_sm_120.jpg?t=1529564745','https://store.steampowered.com/app/880570/Drugs_to_Bee/?snr=1_7_7_230_150_12','15.000₫'),(880590,'Slabs','https://steamcdn-a.akamaihd.net/steam/apps/880590/capsule_sm_120.jpg?t=1529600570','https://store.steampowered.com/app/880590/Slabs/?snr=1_7_7_230_150_10','22.500₫'),(880760,'Neon Valley: Revenge Demo','https://steamcdn-a.akamaihd.net/steam/apps/880760/capsule_sm_120.jpg?t=1529615745','https://store.steampowered.com/app/793280/Neon_Valley_Revenge/?snr=1_7_7_230_150_10','Free Demo'),(880780,'Vatnik Simulator - A Russian Patriot Game','https://steamcdn-a.akamaihd.net/steam/apps/880780/capsule_sm_120.jpg?t=1529570689','https://store.steampowered.com/app/880780/Vatnik_Simulator__A_Russian_Patriot_Game/?snr=1_7_7_230_150_12','10.500₫'),(880840,'Sniper Fodder','https://steamcdn-a.akamaihd.net/steam/apps/880840/capsule_sm_120.jpg?t=1529653208','https://store.steampowered.com/app/880840/Sniper_Fodder/?snr=1_7_7_230_150_9','30.000₫'),(880890,'Dark Visit','https://steamcdn-a.akamaihd.net/steam/apps/880890/capsule_sm_120.jpg?t=1530215602','https://store.steampowered.com/app/880890/Dark_Visit/?snr=1_7_7_230_150_1','22.500₫'),(881030,'Wisgr Demo','https://steamcdn-a.akamaihd.net/steam/apps/881030/capsule_sm_120.jpg?t=1530240956','https://store.steampowered.com/app/878340/WISGR/?snr=1_7_7_230_150_1','Free Demo'),(881070,'Keep Defending Demo','https://steamcdn-a.akamaihd.net/steam/apps/881070/capsule_sm_120.jpg?t=1530215972','https://store.steampowered.com/app/527720/Keep_Defending/?snr=1_7_7_230_150_1','Free Demo'),(881150,'Shooting over it : to be a star','https://steamcdn-a.akamaihd.net/steam/apps/881150/capsule_sm_120.jpg?t=1530091665','https://store.steampowered.com/app/881150/Shooting_over_it__to_be_a_star/?snr=1_7_7_230_150_3','49.500₫'),(881270,'Basketball','https://steamcdn-a.akamaihd.net/steam/apps/881270/capsule_sm_120.jpg?t=1529952525','https://store.steampowered.com/app/881270/Basketball/?snr=1_7_7_230_150_9','35.000₫'),(881480,'Brawlhalla - Summer Championship 2018 Pack','https://steamcdn-a.akamaihd.net/steam/apps/881480/capsule_sm_120.jpg?t=1530028180','https://store.steampowered.com/app/881480/Brawlhalla__Summer_Championship_2018_Pack/?snr=1_7_7_230_150_4','110.000₫'),(881590,'Trove - Geode Companion Pack 1','https://steamcdn-a.akamaihd.net/steam/apps/881590/capsule_sm_120.jpg?t=1530050503','https://store.steampowered.com/app/881590/Trove__Geode_Companion_Pack_1/?snr=1_7_7_230_150_4','188.000₫'),(881610,'Professor Watts Word Search: Space Voyage','https://steamcdn-a.akamaihd.net/steam/apps/881610/capsule_sm_120.jpg?t=1529955300','https://store.steampowered.com/app/881610/Professor_Watts_Word_Search_Space_Voyage/?snr=1_7_7_230_150_5','18.000₫'),(881660,'Pinball Wicked - Supporter Upgrade','https://steamcdn-a.akamaihd.net/steam/apps/881660/capsule_sm_120.jpg?t=1529419595','https://store.steampowered.com/app/881660/Pinball_Wicked__Supporter_Upgrade/?snr=1_7_7_230_150_17','120.000₫'),(881800,'Entropic Shop VR Demo','https://steamcdn-a.akamaihd.net/steam/apps/881800/capsule_sm_120.jpg?t=1529397597','https://store.steampowered.com/app/733910/Entropic_Shop_VR/?snr=1_7_7_230_150_18','Free Demo'),(881820,'Egony','https://steamcdn-a.akamaihd.net/steam/apps/881820/capsule_sm_120.jpg?t=1530084641','https://store.steampowered.com/app/881820/Egony/?snr=1_7_7_230_150_3','110.000₫'),(881830,'《恋神神之舞台 - 中文简体版 / LoveKami -Divinity Stage- Simplified Chinese','https://steamcdn-a.akamaihd.net/steam/apps/881830/capsule_sm_120.jpg?t=1529394159','https://store.steampowered.com/app/881830/____LoveKami_Divinity_Stage_Simplified_Chinese/?snr=1_7_7_230_150_18','Free'),(881930,'Business Tycoon Billionaire','https://steamcdn-a.akamaihd.net/steam/apps/881930/capsule_sm_120.jpg?t=1529748389','https://store.steampowered.com/app/881930/Business_Tycoon_Billionaire/?snr=1_7_7_230_150_4',''),(881950,'Space Battlecruiser Demo','https://steamcdn-a.akamaihd.net/steam/apps/881950/capsule_sm_120.jpg?t=1529867113','https://store.steampowered.com/app/673740/Space_Battlecruiser/?snr=1_7_7_230_150_6','Free Demo'),(882200,'Reveal','https://steamcdn-a.akamaihd.net/steam/apps/882200/capsule_sm_120.jpg?t=1529678263','https://store.steampowered.com/app/882200/Reveal/?snr=1_7_7_230_150_5',''),(882310,'Accurate Segmentation','https://steamcdn-a.akamaihd.net/steam/apps/882310/capsule_sm_120.jpg?t=1528740729','https://store.steampowered.com/app/882310/Accurate_Segmentation/?snr=1_7_7_230_150_6',''),(882350,'Grass Cutter - Resurrection','https://steamcdn-a.akamaihd.net/steam/apps/882350/capsule_sm_120.jpg?t=1529607025','https://store.steampowered.com/app/882350/Grass_Cutter__Resurrection/?snr=1_7_7_230_150_13','43.000₫'),(882400,'Jimmie JJ Walker&amp; Michael Winslow: We Are Still Here','https://steamcdn-a.akamaihd.net/steam/apps/882400/capsule_sm_120.jpg?t=1530128317','https://store.steampowered.com/app/882400/Jimmie_JJ_Walker__Michael_Winslow_We_Are_Still_Here/?snr=1_7_7_230_150_2',''),(882510,'Your Car Shooter','https://steamcdn-a.akamaihd.net/steam/apps/882510/capsule_sm_120.jpg?t=1529925158','https://store.steampowered.com/app/882510/Your_Car_Shooter/?snr=1_7_7_230_150_6','9.000₫'),(882520,'Fitzzle Precious Dolphins','https://steamcdn-a.akamaihd.net/steam/apps/882520/capsule_sm_120.jpg?t=1530043251','https://store.steampowered.com/app/882520/Fitzzle_Precious_Dolphins/?snr=1_7_7_230_150_4','26.000₫'),(882560,'Door','https://steamcdn-a.akamaihd.net/steam/apps/882560/capsule_sm_120.jpg?t=1530225505','https://store.steampowered.com/app/882560/Door/?snr=1_7_7_230_150_1','67.500₫'),(882890,'A Light in the Dark Original Soundtrack','https://steamcdn-a.akamaihd.net/steam/apps/882890/capsule_sm_120.jpg?t=1529976936','https://store.steampowered.com/app/882890/A_Light_in_the_Dark_Original_Soundtrack/?snr=1_7_7_230_150_5','108.000₫'),(883010,'SIG','https://steamcdn-a.akamaihd.net/steam/apps/883010/capsule_sm_120.jpg?t=1529481944','https://store.steampowered.com/app/883010/SIG/?snr=1_7_7_230_150_2',''),(883340,'Dog\'s Quest Demo','https://steamcdn-a.akamaihd.net/steam/apps/883340/capsule_sm_120.jpg?t=1529359127','https://store.steampowered.com/app/882230/Dogs_Quest/?snr=1_7_7_230_150_19','Free Demo'),(883570,'Wardens of the Amber Cage Demo','https://steamcdn-a.akamaihd.net/steam/apps/883570/capsule_sm_120.jpg?t=1530168730','https://store.steampowered.com/app/883560/Wardens_of_the_Amber_Cage/?snr=1_7_7_230_150_2','Free Demo'),(884010,'Drugs to Bee - OST','https://steamcdn-a.akamaihd.net/steam/apps/884010/capsule_sm_120.jpg?t=1529564837','https://store.steampowered.com/app/884010/Drugs_to_Bee__OST/?snr=1_7_7_230_150_12','7.500₫'),(884190,'Machine With a Big Gun','https://steamcdn-a.akamaihd.net/steam/apps/884190/capsule_sm_120.jpg?t=1530091253','https://store.steampowered.com/app/884190/Machine_With_a_Big_Gun/?snr=1_7_7_230_150_3','9.000₫'),(884250,'Fitzzle Wise Owls','https://steamcdn-a.akamaihd.net/steam/apps/884250/capsule_sm_120.jpg?t=1528947930','https://store.steampowered.com/app/884250/Fitzzle_Wise_Owls/?snr=1_7_7_230_150_1',''),(884270,'Cabins: Jigsaw Puzzles','https://steamcdn-a.akamaihd.net/steam/apps/884270/capsule_sm_120.jpg?t=1529039555','https://store.steampowered.com/app/884270/Cabins_Jigsaw_Puzzles/?snr=1_7_7_230_150_2',''),(884390,'Professor Watts Word Search: Pirates Life','https://steamcdn-a.akamaihd.net/steam/apps/884390/capsule_sm_120.jpg?t=1530214950','https://store.steampowered.com/app/884390/Professor_Watts_Word_Search_Pirates_Life/?snr=1_7_7_230_150_1','18.000₫'),(884400,'The Harbinger\'s Head','https://steamcdn-a.akamaihd.net/steam/apps/884400/capsule_sm_120.jpg?t=1529084461','https://store.steampowered.com/app/884400/The_Harbingers_Head/?snr=1_7_7_230_150_1',''),(884470,'Sunken','https://steamcdn-a.akamaihd.net/steam/apps/884470/capsule_sm_120.jpg?t=1530181518','https://store.steampowered.com/app/884470/Sunken/?snr=1_7_7_230_150_1','67.500₫'),(884540,'Core Awaken ~The Yuka~ Demo','https://steamcdn-a.akamaihd.net/steam/apps/884540/capsule_sm_120.jpg?t=1530062587','https://store.steampowered.com/app/878150/Core_Awaken_The_Yuka/?snr=1_7_7_230_150_3','Free Demo'),(884650,'Prime Mover - Original Soundtrack','https://steamcdn-a.akamaihd.net/steam/apps/884650/capsule_sm_120.jpg?t=1529346008','https://store.steampowered.com/app/884650/Prime_Mover__Original_Soundtrack/?snr=1_7_7_230_150_19','70.000₫'),(884660,'Cuisine Royale','https://steamcdn-a.akamaihd.net/steam/apps/884660/capsule_184x69.jpg?t=1529928266','https://store.steampowered.com/app/884660/Cuisine_Royale/?snr=1_tags_4__103','Free To Play'),(884730,'Space Simulator (Mobile)','https://steamcdn-a.akamaihd.net/steam/apps/884730/capsule_sm_120.jpg?t=1529430986','https://store.steampowered.com/app/884730/Space_Simulator_Mobile/?snr=1_7_7_230_150_17','Free To Play'),(884790,'XXX Puzzle: Season Pass','https://steamcdn-a.akamaihd.net/steam/apps/884790/capsule_sm_120.jpg?t=1530015945','https://store.steampowered.com/app/884790/XXX_Puzzle_Season_Pass/?snr=1_7_7_230_150_13','110.000₫'),(884791,'XXX Puzzle: Expansion Pack 1','https://steamcdn-a.akamaihd.net/steam/apps/884791/capsule_sm_120.jpg?t=1529524655','https://store.steampowered.com/app/884791/XXX_Puzzle_Expansion_Pack_1/?snr=1_7_7_230_150_13','43.000₫'),(884800,'KILLER BACKFLIP 999','https://steamcdn-a.akamaihd.net/steam/apps/884800/capsule_sm_120.jpg?t=1529167378','https://store.steampowered.com/app/884800/KILLER_BACKFLIP_999/?snr=1_7_7_230_150_2',''),(884890,'Squirgle Original Soundtrack','https://steamcdn-a.akamaihd.net/steam/apps/884890/capsule_sm_120.jpg?t=1529989136','https://store.steampowered.com/app/884890/Squirgle_Original_Soundtrack/?snr=1_7_7_230_150_5','43.000₫'),(884970,'Overload Level Editor','https://steamcdn-a.akamaihd.net/steam/apps/884970/capsule_sm_120.jpg?t=1529698682','https://store.steampowered.com/app/884970/Overload_Level_Editor/?snr=1_7_7_230_150_8','Free'),(885270,'Naval Action - Hercules','https://steamcdn-a.akamaihd.net/steam/apps/885270/capsule_sm_120.jpg?t=1529945288','https://store.steampowered.com/app/885270/Naval_Action__Hercules/?snr=1_7_7_230_150_9','108.000₫'),(885410,'Fantasy Grounds - En5ider: Fantastic Tomes&amp; Librams (5E)','https://steamcdn-a.akamaihd.net/steam/apps/885410/capsule_sm_120.jpg?t=1529417174','https://store.steampowered.com/app/885410/Fantasy_Grounds__En5ider_Fantastic_Tomes__Librams_5E/?snr=1_7_7_230_150_17','30.000₫'),(885460,'Fantasy Grounds - En5ider: Give Chase (5E)','https://steamcdn-a.akamaihd.net/steam/apps/885460/capsule_sm_120.jpg?t=1529417186','https://store.steampowered.com/app/885460/Fantasy_Grounds__En5ider_Give_Chase_5E/?snr=1_7_7_230_150_17','30.000₫'),(885490,'Fantasy Grounds - En5ider: Sylvan Secrets (5E)','https://steamcdn-a.akamaihd.net/steam/apps/885490/capsule_sm_120.jpg?t=1529417198','https://store.steampowered.com/app/885490/Fantasy_Grounds__En5ider_Sylvan_Secrets_5E/?snr=1_7_7_230_150_17','30.000₫'),(885520,'Fantasy Grounds - Odds and Ends Volume 4 (Token Pack)','https://steamcdn-a.akamaihd.net/steam/apps/885520/capsule_sm_120.jpg?t=1529417401','https://store.steampowered.com/app/885520/Fantasy_Grounds__Odds_and_Ends_Volume_4_Token_Pack/?snr=1_7_7_230_150_17','80.000₫'),(885540,'Project Amaranth Demo','https://steamcdn-a.akamaihd.net/steam/apps/885540/capsule_sm_120.jpg?t=1529722208','https://store.steampowered.com/app/544360/Project_Amaranth/?snr=1_7_7_230_150_7','Free Demo'),(885550,'Realm Royale - Alpha Pack','https://steamcdn-a.akamaihd.net/steam/apps/885550/capsule_sm_120.jpg?t=1530140784','https://store.steampowered.com/app/885550/Realm_Royale__Alpha_Pack/?snr=1_7_7_230_150_2','187.500₫'),(885650,'The Waters Above: Prelude','https://steamcdn-a.akamaihd.net/steam/apps/885650/capsule_sm_120.jpg?t=1530154161','https://store.steampowered.com/app/885650/The_Waters_Above_Prelude/?snr=1_7_7_230_150_2','Free'),(885720,'First Feudal - OST and digital art pack','https://steamcdn-a.akamaihd.net/steam/apps/885720/capsule_sm_120.jpg?t=1529947371','https://store.steampowered.com/app/885720/First_Feudal__OST_and_digital_art_pack/?snr=1_7_7_230_150_5','59.500₫'),(885980,'Walk on Arrow Demo','https://steamcdn-a.akamaihd.net/steam/apps/885980/capsule_sm_120.jpg?t=1529557000','https://store.steampowered.com/app/885950/Walk_on_Arrow/?snr=1_7_7_230_150_13','Free Demo'),(886050,'Fantasy Grounds - Strange Supernatural Volume 6 (Token Pack)','https://steamcdn-a.akamaihd.net/steam/apps/886050/capsule_sm_120.jpg?t=1529417387','https://store.steampowered.com/app/886050/Fantasy_Grounds__Strange_Supernatural_Volume_6_Token_Pack/?snr=1_7_7_230_150_17','110.000₫'),(886130,'Fantasy Grounds - Legendary Planet Players Guide (SFRPG)','https://steamcdn-a.akamaihd.net/steam/apps/886130/capsule_sm_120.jpg?t=1529416697','https://store.steampowered.com/app/886130/Fantasy_Grounds__Legendary_Planet_Players_Guide_SFRPG/?snr=1_7_7_230_150_17','58.000₫'),(886150,'Fantasy Grounds - Legendary Planet: To Worlds Unknown (SFRPG)','https://steamcdn-a.akamaihd.net/steam/apps/886150/capsule_sm_120.jpg?t=1529416724','https://store.steampowered.com/app/886150/Fantasy_Grounds__Legendary_Planet_To_Worlds_Unknown_SFRPG/?snr=1_7_7_230_150_17','185.000₫'),(886280,'Kona VR','https://steamcdn-a.akamaihd.net/steam/apps/886280/capsule_sm_120.jpg?t=1529420682','https://store.steampowered.com/app/886280/Kona_VR/?snr=1_7_7_230_150_17','80.000₫'),(886660,'Grass Cutter - Blue Shield','https://steamcdn-a.akamaihd.net/steam/apps/886660/capsule_sm_120.jpg?t=1529519715','https://store.steampowered.com/app/886660/Grass_Cutter__Blue_Shield/?snr=1_7_7_230_150_13','70.000₫'),(886661,'Grass Cutter - Shock Wave','https://steamcdn-a.akamaihd.net/steam/apps/886661/capsule_sm_120.jpg?t=1529519748','https://store.steampowered.com/app/886661/Grass_Cutter__Shock_Wave/?snr=1_7_7_230_150_13','70.000₫'),(886750,'Infliction Demo','https://steamcdn-a.akamaihd.net/steam/apps/886750/capsule_sm_120.jpg?t=1529933978','https://store.steampowered.com/app/692100/Infliction/?snr=1_7_7_230_150_6','Free Demo'),(886930,'Hiveswap Friendsim - Volume Six','https://steamcdn-a.akamaihd.net/steam/apps/886930/capsule_sm_120.jpg?t=1529699128','https://store.steampowered.com/app/886930/Hiveswap_Friendsim__Volume_Six/?snr=1_7_7_230_150_7','15.000₫'),(887030,'Warhammer 40000: Space Wolf - Sentry Gun Pack','https://steamcdn-a.akamaihd.net/steam/apps/887030/capsule_sm_120.jpg?t=1529682815','https://store.steampowered.com/app/887030/Warhammer_40000_Space_Wolf__Sentry_Gun_Pack/?snr=1_7_7_230_150_11','63.000₫'),(887070,'A Roll-Back Story Demo','https://steamcdn-a.akamaihd.net/steam/apps/887070/capsule_sm_120.jpg?t=1529578809','https://store.steampowered.com/app/886390/A_RollBack_Story/?snr=1_7_7_230_150_12','Free Demo'),(887180,'Fantasy Grounds - Echoes of the Past: The Slarecian Legacy (PFRPG)','https://steamcdn-a.akamaihd.net/steam/apps/887180/capsule_sm_120.jpg?t=1530124403','https://store.steampowered.com/app/887180/Fantasy_Grounds__Echoes_of_the_Past_The_Slarecian_Legacy_PFRPG/?snr=1_7_7_230_150_2','220.000₫'),(887230,'Fantasy Grounds - En5ider: Its Alive (5E)','https://steamcdn-a.akamaihd.net/steam/apps/887230/capsule_sm_120.jpg?t=1529417212','https://store.steampowered.com/app/887230/Fantasy_Grounds__En5ider_Its_Alive_5E/?snr=1_7_7_230_150_17','30.000₫'),(887430,'Candice: Da Instrumentalz','https://steamcdn-a.akamaihd.net/steam/apps/887430/capsule_sm_120.jpg?t=1529432365','https://store.steampowered.com/app/887430/Candice_Da_Instrumentalz/?snr=1_7_7_230_150_16','Free'),(887450,'Tunche','https://steamcdn-a.akamaihd.net/steam/apps/887450/capsule_sm_120.jpg?t=1530108380','https://store.steampowered.com/app/887450/Tunche/?snr=1_7_7_230_150_1',''),(887580,'Neon Force Pushers - Summer Celebration','https://steamcdn-a.akamaihd.net/steam/apps/887580/capsule_sm_120.jpg?t=1529597683','https://store.steampowered.com/app/887580/Neon_Force_Pushers__Summer_Celebration/?snr=1_7_7_230_150_11','21.500₫'),(887980,'How to be Best Russian Game Developer - OST','https://steamcdn-a.akamaihd.net/steam/apps/887980/capsule_sm_120.jpg?t=1529655614','https://store.steampowered.com/app/887980/How_to_be_Best_Russian_Game_Developer__OST/?snr=1_7_7_230_150_9','7.500₫'),(888000,'Fox Hime Zero - MoriChan','https://steamcdn-a.akamaihd.net/steam/apps/888000/capsule_sm_120.jpg?t=1529915212','https://store.steampowered.com/app/888000/Fox_Hime_Zero__MoriChan/?snr=1_7_7_230_150_6','18.000₫'),(888240,'AirMech Soundtrack 2: WarMech by Frontline Assembly','https://steamcdn-a.akamaihd.net/steam/apps/888240/capsule_sm_120.jpg?t=1530122982','https://store.steampowered.com/app/888240/AirMech_Soundtrack_2_WarMech_by_Frontline_Assembly/?snr=1_7_7_230_150_2','120.000₫'),(888360,'The Vagrant Artbook','https://steamcdn-a.akamaihd.net/steam/apps/888360/capsule_sm_120.jpg?t=1529638599','https://store.steampowered.com/app/888360/The_Vagrant_Artbook/?snr=1_7_7_230_150_10','18.000₫'),(888430,'Legend Of Mercy Original Soundtrack 神医魔导典藏版原声音乐大碟','https://steamcdn-a.akamaihd.net/steam/apps/888430/capsule_sm_120.jpg?t=1529931019','https://store.steampowered.com/app/888430/Legend_Of_Mercy_Original_Soundtrack/?snr=1_7_7_230_150_12','18.000₫'),(888590,'The Intern - OST','https://steamcdn-a.akamaihd.net/steam/apps/888590/capsule_sm_120.jpg?t=1529694357','https://store.steampowered.com/app/888590/The_Intern__OST/?snr=1_7_7_230_150_8','9.000₫'),(888720,'Fantasy Grounds - Shaintar: Thundering Skies (Savage Worlds)','https://steamcdn-a.akamaihd.net/steam/apps/888720/capsule_sm_120.jpg?t=1530192587','https://store.steampowered.com/app/888720/Fantasy_Grounds__Shaintar_Thundering_Skies_Savage_Worlds/?snr=1_7_7_230_150_1','188.000₫'),(888770,'Event Pass: Sanhok','https://steamcdn-a.akamaihd.net/steam/apps/888770/capsule_sm_120.jpg?t=1529735622','https://store.steampowered.com/app/888770/Event_Pass_Sanhok/?snr=1_7_7_230_150_9','225.000₫'),(888830,'XXX Puzzle: Expansion Pack 2','https://steamcdn-a.akamaihd.net/steam/apps/888830/capsule_sm_120.jpg?t=1529934397','https://store.steampowered.com/app/888830/XXX_Puzzle_Expansion_Pack_2/?snr=1_7_7_230_150_6','43.000₫'),(889000,'Paralines The Last paladin Original Sound Track','https://steamcdn-a.akamaihd.net/steam/apps/889000/capsule_sm_120.jpg?t=1530141252','https://store.steampowered.com/app/889000/Paralines_The_Last_paladin_Original_Sound_Track/?snr=1_7_7_230_150_2','81.000₫'),(889200,'Vatnik Simulator - A Russian Patriot Game - OST','https://steamcdn-a.akamaihd.net/steam/apps/889200/capsule_sm_120.jpg?t=1529656488','https://store.steampowered.com/app/889200/Vatnik_Simulator__A_Russian_Patriot_Game__OST/?snr=1_7_7_230_150_9','9.000₫'),(889420,'Fantasy Grounds - Royal Class (PFRPG)','https://steamcdn-a.akamaihd.net/steam/apps/889420/capsule_sm_120.jpg?t=1530192868','https://store.steampowered.com/app/889420/Fantasy_Grounds__Royal_Class_PFRPG/?snr=1_7_7_230_150_1','80.000₫'),(889430,'Oik 4 - OST','https://steamcdn-a.akamaihd.net/steam/apps/889430/capsule_sm_120.jpg?t=1529949658','https://store.steampowered.com/app/889430/Oik_4__OST/?snr=1_7_7_230_150_5','Free To Play'),(889630,'A Light in the Dark Prologue Manga','https://steamcdn-a.akamaihd.net/steam/apps/889630/capsule_sm_120.jpg?t=1529978333','https://store.steampowered.com/app/889630/A_Light_in_the_Dark_Prologue_Manga/?snr=1_7_7_230_150_5','63.000₫'),(890100,'Tomb Reader: TrapLand Demo','https://steamcdn-a.akamaihd.net/steam/apps/890100/capsule_sm_120.jpg?t=1529746885','https://store.steampowered.com/app/871670/Tomb_Reader_TrapLand/?snr=1_7_7_230_150_7','Free Demo'),(890540,'Freddy\'s Journey - Soundtrack','https://steamcdn-a.akamaihd.net/steam/apps/890540/capsule_sm_120.jpg?t=1530042256','https://store.steampowered.com/app/890540/Freddys_Journey__Soundtrack/?snr=1_7_7_230_150_4','Free'),(890770,'Fantasy Grounds - Odds&amp; Ends Volume 5 (Token Pack)','https://steamcdn-a.akamaihd.net/steam/apps/890770/capsule_sm_120.jpg?t=1530192763','https://store.steampowered.com/app/890770/Fantasy_Grounds__Odds__Ends_Volume_5_Token_Pack/?snr=1_7_7_230_150_1','90.000₫'),(891035,'AnyWay! - Soundtrack!','https://steamcdn-a.akamaihd.net/steam/apps/891035/capsule_sm_120.jpg?t=1530228054','https://store.steampowered.com/app/891035/AnyWay__Soundtrack/?snr=1_7_7_230_150_1','9.000₫'),(891140,'Ancient Frontier - Quests&amp; Events','https://steamcdn-a.akamaihd.net/steam/apps/891140/capsule_sm_120.jpg?t=1530141808','https://store.steampowered.com/app/891140/Ancient_Frontier__Quests__Events/?snr=1_7_7_230_150_2','Free To Play'),(891250,'Making of Traum','https://steamcdn-a.akamaihd.net/steam/apps/891250/capsule_sm_120.jpg?t=1530184552','https://store.steampowered.com/app/891250/Making_of_Traum/?snr=1_7_7_230_150_1','58.000₫'),(892220,'Bleeding Sun Demo','https://steamcdn-a.akamaihd.net/steam/apps/892220/capsule_sm_120.jpg?t=1530241101','https://store.steampowered.com/app/887300/Bleeding_Sun/?snr=1_7_7_230_150_1','Free Demo');
/*!40000 ALTER TABLE `tbl_game` ENABLE KEYS */;
UNLOCK TABLES;

--
-- Table structure for table `tbl_game_category`
--

DROP TABLE IF EXISTS `tbl_game_category`;
/*!40101 SET @saved_cs_client     = @@character_set_client */;
/*!40101 SET character_set_client = utf8 */;
CREATE TABLE `tbl_game_category` (
  `id` int(11) NOT NULL AUTO_INCREMENT,
  `name` varchar(155) DEFAULT NULL,
  `href` varchar(255) DEFAULT NULL,
  PRIMARY KEY (`id`)
) ENGINE=InnoDB AUTO_INCREMENT=16 DEFAULT CHARSET=utf8;
/*!40101 SET character_set_client = @saved_cs_client */;

--
-- Dumping data for table `tbl_game_category`
--

LOCK TABLES `tbl_game_category` WRITE;
/*!40000 ALTER TABLE `tbl_game_category` DISABLE KEYS */;
INSERT INTO `tbl_game_category` VALUES (1,'Action','https://store.steampowered.com/search/?snr=1_4_4__12#category1=992&sort_by=Released_DESC&page=1&tags=19'),(2,'Adventure','https://store.steampowered.com/tags/en/Adventure/?snr=1_4_4__12'),(3,'Casual','https://store.steampowered.com/tags/en/Casual/?snr=1_4_4__12'),(4,'Indie','https://store.steampowered.com/tags/en/Indie/?snr=1_4_4__12'),(5,'Massively Multiplayer','https://store.steampowered.com/tags/en/Massively%20Multiplayer/?snr=1_4_4__12'),(6,'Racing','https://store.steampowered.com/tags/en/Racing/?snr=1_4_4__12'),(7,'RPG','https://store.steampowered.com/tags/en/RPG/?snr=1_4_4__12'),(8,'Simulation','https://store.steampowered.com/tags/en/Simulation/?snr=1_4_4__12'),(9,'Sports','https://store.steampowered.com/tags/en/Sports/?snr=1_4_4__12'),(10,'Strategy','https://store.steampowered.com/tags/en/Strategy/?snr=1_4_4__12'),(11,'Anime','https://store.steampowered.com/search/?snr=1_4_4__12#category1=992&sort_by=Released_DESC&page=1&tags=4085'),(12,'Comedy','https://store.steampowered.com/search/?snr=1_4_4__12#category1=992&sort_by=Released_DESC&page=1&tags=1719'),(13,'Drama','https://store.steampowered.com/search/?snr=1_4_4__12#category1=992&sort_by=Released_DESC&page=1&tags=5984'),(14,'Horror','https://store.steampowered.com/search/?snr=1_4_4__12#category1=992&sort_by=Released_DESC&page=1&tags=1667'),(15,'Sci-fi','https://store.steampowered.com/search/?snr=1_4_4__12#category1=992&sort_by=Released_DESC&page=1&tags=3942');
/*!40000 ALTER TABLE `tbl_game_category` ENABLE KEYS */;
UNLOCK TABLES;

--
-- Table structure for table `tbl_game_has_tbl_game_tag`
--

DROP TABLE IF EXISTS `tbl_game_has_tbl_game_tag`;
/*!40101 SET @saved_cs_client     = @@character_set_client */;
/*!40101 SET character_set_client = utf8 */;
CREATE TABLE `tbl_game_has_tbl_game_tag` (
  `tbl_game_id` int(11) NOT NULL,
  `tbl_game_tag_id` int(11) NOT NULL,
  PRIMARY KEY (`tbl_game_id`,`tbl_game_tag_id`),
  KEY `fk_tbl_game_has_tbl_game_tag_tbl_game_tag1_idx` (`tbl_game_tag_id`),
  KEY `fk_tbl_game_has_tbl_game_tag_tbl_game1_idx` (`tbl_game_id`),
  CONSTRAINT `fk_tbl_game_has_tbl_game_tag_tbl_game1` FOREIGN KEY (`tbl_game_id`) REFERENCES `tbl_game` (`id`) ON DELETE NO ACTION ON UPDATE NO ACTION,
  CONSTRAINT `fk_tbl_game_has_tbl_game_tag_tbl_game_tag1` FOREIGN KEY (`tbl_game_tag_id`) REFERENCES `tbl_game_tag` (`id`) ON DELETE NO ACTION ON UPDATE NO ACTION
) ENGINE=InnoDB DEFAULT CHARSET=utf8;
/*!40101 SET character_set_client = @saved_cs_client */;

--
-- Dumping data for table `tbl_game_has_tbl_game_tag`
--

LOCK TABLES `tbl_game_has_tbl_game_tag` WRITE;
/*!40000 ALTER TABLE `tbl_game_has_tbl_game_tag` DISABLE KEYS */;
INSERT INTO `tbl_game_has_tbl_game_tag` VALUES (349470,1),(440120,1),(536670,1),(595110,1),(657810,1),(660730,1),(673560,1),(681660,1),(682620,1),(690530,1),(711810,1),(728630,1),(745810,1),(766570,1),(772230,1),(773430,1),(788870,1),(801390,1),(811240,1),(813670,1),(813820,1),(823600,1),(824070,1),(824420,1),(836400,1),(838640,1),(840130,1),(840810,1),(842780,1),(844490,1),(845630,1),(846130,1),(849790,1),(856010,1),(856110,1),(856170,1),(858360,1),(861080,1),(862650,1),(863420,1),(863670,1),(865200,1),(865540,1),(865990,1),(867550,1),(867610,1),(870090,1),(870590,1),(871420,1),(872400,1),(872680,1),(873220,1),(874100,1),(874180,1),(876900,1),(878610,1),(879670,1),(880200,1),(880760,1),(881800,1),(884660,1),(885540,1),(349470,2),(440120,2),(455050,2),(461870,2),(489380,2),(492180,2),(536670,2),(560080,2),(586170,2),(617590,2),(640120,2),(646910,2),(652660,2),(654187,2),(654188,2),(657810,2),(676180,2),(677480,2),(690530,2),(698230,2),(708030,2),(711810,2),(713360,2),(718790,2),(728630,2),(743920,2),(745520,2),(745810,2),(749780,2),(752430,2),(762780,2),(763750,2),(770560,2),(772230,2),(773360,2),(778660,2),(788260,2),(788870,2),(793230,2),(793860,2),(798860,2),(801390,2),(802130,2),(804641,2),(804643,2),(804644,2),(808450,2),(810800,2),(811240,2),(812530,2),(813440,2),(814110,2),(819270,2),(824070,2),(824420,2),(825480,2),(830500,2),(831600,2),(831670,2),(833650,2),(835280,2),(835660,2),(836400,2),(836750,2),(836781,2),(836783,2),(836785,2),(837990,2),(838360,2),(838770,2),(840130,2),(843370,2),(844890,2),(845630,2),(845650,2),(846130,2),(847850,2),(850060,2),(853120,2),(853390,2),(853960,2),(854420,2),(854670,2),(855650,2),(856110,2),(856170,2),(858360,2),(858730,2),(859700,2),(860290,2),(861080,2),(861960,2),(862430,2),(863670,2),(864410,2),(865310,2),(867240,2),(867460,2),(867510,2),(868090,2),(868440,2),(868510,2),(869590,2),(869930,2),(870030,2),(870590,2),(871420,2),(871470,2),(871720,2),(872170,2),(872400,2),(873150,2),(873220,2),(873370,2),(873610,2),(873620,2),(873790,2),(874180,2),(874270,2),(874710,2),(874730,2),(874740,2),(874750,2),(874810,2),(874830,2),(875510,2),(875550,2),(875840,2),(876480,2),(876600,2),(876900,2),(876970,2),(876971,2),(877070,2),(877500,2),(877760,2),(877950,2),(878050,2),(878170,2),(878270,2),(878410,2),(878490,2),(878640,2),(878980,2),(879180,2),(879320,2),(879330,2),(879670,2),(880200,2),(880760,2),(880840,2),(880890,2),(881030,2),(881070,2),(881150,2),(881480,2),(881590,2),(881800,2),(881950,2),(883570,2),(884470,2),(884660,2),(884970,2),(885270,2),(885540,2),(885550,2),(887030,2),(887450,2),(887580,2),(888240,2),(888360,2),(888590,2),(349470,3),(438210,3),(445700,3),(460060,3),(489380,3),(492180,3),(509400,3),(511840,3),(547480,3),(560080,3),(586170,3),(617590,3),(640120,3),(640850,3),(649890,3),(652660,3),(657810,3),(669730,3),(673560,3),(674240,3),(676180,3),(677480,3),(680860,3),(689290,3),(690530,3),(698230,3),(699170,3),(708030,3),(708760,3),(711810,3),(711960,3),(713170,3),(713360,3),(717310,3),(720270,3),(726840,3),(728630,3),(735730,3),(736260,3),(743920,3),(745520,3),(749780,3),(752430,3),(753270,3),(762560,3),(762780,3),(763750,3),(770560,3),(772230,3),(773360,3),(773430,3),(778660,3),(780020,3),(780970,3),(785050,3),(788870,3),(793230,3),(801390,3),(802130,3),(808080,3),(808450,3),(809440,3),(809730,3),(810800,3),(811240,3),(812530,3),(813400,3),(813440,3),(813970,3),(814110,3),(814340,3),(818610,3),(819270,3),(819740,3),(820030,3),(824070,3),(824420,3),(824760,3),(825480,3),(829040,3),(829130,3),(829420,3),(830500,3),(831070,3),(831600,3),(831670,3),(833650,3),(833920,3),(834100,3),(835280,3),(835660,3),(836290,3),(836400,3),(838160,3),(838360,3),(838640,3),(838770,3),(839370,3),(840130,3),(840810,3),(842780,3),(843040,3),(843130,3),(843370,3),(844490,3),(845630,3),(845650,3),(846130,3),(847300,3),(847310,3),(847850,3),(849410,3),(849790,3),(851670,3),(852790,3),(853390,3),(854420,3),(856010,3),(856040,3),(856110,3),(856170,3),(856450,3),(858360,3),(858730,3),(859090,3),(859530,3),(860220,3),(860290,3),(860450,3),(860770,3),(860981,3),(861080,3),(861320,3),(861960,3),(862430,3),(862560,3),(862650,3),(862931,3),(863420,3),(863670,3),(864010,3),(864380,3),(864410,3),(865310,3),(866340,3),(866540,3),(867240,3),(867510,3),(867550,3),(867610,3),(867640,3),(867730,3),(868090,3),(868120,3),(868240,3),(868440,3),(868510,3),(868780,3),(869280,3),(869300,3),(869590,3),(869780,3),(869930,3),(870030,3),(870090,3),(870110,3),(870190,3),(870450,3),(870590,3),(870620,3),(870750,3),(870960,3),(871420,3),(871470,3),(871580,3),(871670,3),(871720,3),(871870,3),(872000,3),(872090,3),(872240,3),(872290,3),(872360,3),(872400,3),(872590,3),(872600,3),(872990,3),(873150,3),(873220,3),(873310,3),(873340,3),(873610,3),(873620,3),(873730,3),(873790,3),(874010,3),(874100,3),(874140,3),(874200,3),(874270,3),(874380,3),(874410,3),(874430,3),(874431,3),(874710,3),(874730,3),(874740,3),(874750,3),(874830,3),(874840,3),(875250,3),(875420,3),(875510,3),(875550,3),(875630,3),(875650,3),(875670,3),(875710,3),(875840,3),(875890,3),(876180,3),(876200,3),(876310,3),(876380,3),(876480,3),(876600,3),(876860,3),(876900,3),(876910,3),(876920,3),(876970,3),(876971,3),(877070,3),(877180,3),(877190,3),(877250,3),(877260,3),(877370,3),(877500,3),(877750,3),(877760,3),(877780,3),(877950,3),(878050,3),(878170,3),(878250,3),(878480,3),(878490,3),(878570,3),(878610,3),(878640,3),(878780,3),(878980,3),(879090,3),(879180,3),(879210,3),(879220,3),(879320,3),(879330,3),(879440,3),(879670,3),(880200,3),(880370,3),(880480,3),(880550,3),(880570,3),(880590,3),(880760,3),(880780,3),(880840,3),(880890,3),(881030,3),(881070,3),(881150,3),(881480,3),(881610,3),(881660,3),(881800,3),(881930,3),(881950,3),(882200,3),(882310,3),(882510,3),(882520,3),(882560,3),(883010,3),(883340,3),(883570,3),(884010,3),(884190,3),(884270,3),(884390,3),(884400,3),(884470,3),(884650,3),(884890,3),(885270,3),(885410,3),(885460,3),(885490,3),(885520,3),(885540,3),(885720,3),(886050,3),(886130,3),(886150,3),(887070,3),(887180,3),(887230,3),(887430,3),(887450,3),(887580,3),(887980,3),(888000,3),(888240,3),(888360,3),(888590,3),(888720,3),(889000,3),(889200,3),(889420,3),(889430,3),(890100,3),(890540,3),(890770,3),(891035,3),(892220,3),(654187,4),(654188,4),(690530,4),(808450,4),(859700,4),(440120,5),(460060,5),(489380,5),(509400,5),(511840,5),(536670,5),(547480,5),(567160,5),(649890,5),(669730,5),(676180,5),(689290,5),(708760,5),(713170,5),(726840,5),(728630,5),(734840,5),(743920,5),(752430,5),(753270,5),(753811,5),(753812,5),(753813,5),(753814,5),(753815,5),(753816,5),(753817,5),(753818,5),(762780,5),(770560,5),(773360,5),(773430,5),(778660,5),(780020,5),(780970,5),(793230,5),(793880,5),(798892,5),(798893,5),(798894,5),(798895,5),(798896,5),(804560,5),(808450,5),(809840,5),(810420,5),(810800,5),(814340,5),(819270,5),(819740,5),(820030,5),(824420,5),(829420,5),(830500,5),(831070,5),(831600,5),(833650,5),(833920,5),(834100,5),(835660,5),(836400,5),(836700,5),(838160,5),(838360,5),(840810,5),(843040,5),(846700,5),(847260,5),(849410,5),(851670,5),(852790,5),(856170,5),(858730,5),(859530,5),(860220,5),(860770,5),(861850,5),(861960,5),(862560,5),(862931,5),(863730,5),(863760,5),(864010,5),(865200,5),(865310,5),(865540,5),(866340,5),(866790,5),(867510,5),(867550,5),(867730,5),(868120,5),(868240,5),(869280,5),(869780,5),(869930,5),(870030,5),(870110,5),(870190,5),(870750,5),(871510,5),(871580,5),(871870,5),(871970,5),(872000,5),(872090,5),(872290,5),(872600,5),(872990,5),(873230,5),(873310,5),(873340,5),(873610,5),(873620,5),(874010,5),(874130,5),(874140,5),(874200,5),(874270,5),(874380,5),(874410,5),(874810,5),(874840,5),(875190,5),(875200,5),(875220,5),(875420,5),(875550,5),(875630,5),(875670,5),(875710,5),(875780,5),(875790,5),(875840,5),(875890,5),(876200,5),(876290,5),(876310,5),(876480,5),(876600,5),(876920,5),(876970,5),(876971,5),(877180,5),(877190,5),(877260,5),(877370,5),(877500,5),(877750,5),(877780,5),(877950,5),(878170,5),(878250,5),(878270,5),(878480,5),(878490,5),(878520,5),(878570,5),(878610,5),(878640,5),(878780,5),(879210,5),(879220,5),(879320,5),(879330,5),(879440,5),(879670,5),(880200,5),(880240,5),(880370,5),(880480,5),(880550,5),(880570,5),(880780,5),(881590,5),(881610,5),(881660,5),(881800,5),(881930,5),(882200,5),(882310,5),(882510,5),(882520,5),(883010,5),(883340,5),(884010,5),(884190,5),(884250,5),(884270,5),(884390,5),(884470,5),(885540,5),(885650,5),(887980,5),(888590,5),(889200,5),(889430,5),(440120,6),(455050,6),(460060,6),(492180,6),(547480,6),(557520,6),(560080,6),(567160,6),(595110,6),(617590,6),(640120,6),(649890,6),(657810,6),(669730,6),(676180,6),(677480,6),(711810,6),(711960,6),(713360,6),(717310,6),(743920,6),(745810,6),(763750,6),(772230,6),(780500,6),(785050,6),(788870,6),(793230,6),(810800,6),(813400,6),(813970,6),(814110,6),(814340,6),(815320,6),(818610,6),(820030,6),(824070,6),(824760,6),(825480,6),(829040,6),(829130,6),(831070,6),(831600,6),(835280,6),(836290,6),(836400,6),(837990,6),(838160,6),(838360,6),(838640,6),(840130,6),(845070,6),(845630,6),(845650,6),(846700,6),(847300,6),(847310,6),(847850,6),(850060,6),(852790,6),(853390,6),(854420,6),(854670,6),(858360,6),(859530,6),(860220,6),(860290,6),(860981,6),(861080,6),(861320,6),(862430,6),(862931,6),(863420,6),(863670,6),(864380,6),(864410,6),(866540,6),(866790,6),(867240,6),(867460,6),(868440,6),(868780,6),(869300,6),(869590,6),(869930,6),(870110,6),(870450,6),(870590,6),(870620,6),(870960,6),(871420,6),(871470,6),(871670,6),(871870,6),(871970,6),(872290,6),(872400,6),(872590,6),(873150,6),(873230,6),(873310,6),(873730,6),(874090,6),(874180,6),(874270,6),(874410,6),(874430,6),(874431,6),(874830,6),(875190,6),(875200,6),(875220,6),(875250,6),(875420,6),(875510,6),(875550,6),(875630,6),(876200,6),(876310,6),(876380,6),(876480,6),(876920,6),(877190,6),(877250,6),(877500,6),(877760,6),(878520,6),(878610,6),(878980,6),(879180,6),(879440,6),(880200,6),(880240,6),(881030,6),(881590,6),(881930,6),(882200,6),(882560,6),(883570,6),(884270,6),(884400,6),(885270,6),(885540,6),(887070,6),(887430,6),(888000,6),(888360,6),(888590,6),(888720,6),(889000,6),(889420,6),(890100,6),(890540,6),(438210,7),(445700,7),(511840,7),(567160,7),(640850,7),(652660,7),(660730,7),(680860,7),(682620,7),(699170,7),(708760,7),(718790,7),(720270,7),(726840,7),(734840,7),(735730,7),(762560,7),(762780,7),(763750,7),(768740,7),(778660,7),(780020,7),(780970,7),(788260,7),(802130,7),(809440,7),(809730,7),(813670,7),(814110,7),(819270,7),(823600,7),(824070,7),(829420,7),(833920,7),(838640,7),(839370,7),(840130,7),(840810,7),(843040,7),(844490,7),(846130,7),(849790,7),(856010,7),(856170,7),(856450,7),(860450,7),(860981,7),(862650,7),(863420,7),(866340,7),(867240,7),(867610,7),(868090,7),(868120,7),(869280,7),(870590,7),(870620,7),(871720,7),(872290,7),(872600,7),(872680,7),(873220,7),(873730,7),(874200,7),(874380,7),(874710,7),(874730,7),(874740,7),(874750,7),(876450,7),(876860,7),(877500,7),(878250,7),(878520,7),(878610,7),(878640,7),(879670,7),(880200,7),(881610,7),(881930,7),(883010,7),(884270,7),(884390,7),(885270,7),(885410,7),(885460,7),(885490,7),(885520,7),(885720,7),(886050,7),(886130,7),(886150,7),(887030,7),(887180,7),(887230,7),(888240,7),(888720,7),(889000,7),(889420,7),(890770,7),(891140,7),(228380,8),(349470,8),(379555,8),(438210,8),(461870,8),(489380,8),(511840,8),(646910,8),(652660,8),(660730,8),(677480,8),(679750,8),(680860,8),(708760,8),(711810,8),(713170,8),(720270,8),(726840,8),(735230,8),(737760,8),(753270,8),(753811,8),(753812,8),(753813,8),(753814,8),(753815,8),(753816,8),(753817,8),(753818,8),(766570,8),(774231,8),(774755,8),(774758,8),(775900,8),(776380,8),(780970,8),(788870,8),(793880,8),(804560,8),(808080,8),(809730,8),(809840,8),(813440,8),(814110,8),(815320,8),(819060,8),(821680,8),(824070,8),(829420,8),(835690,8),(836400,8),(836700,8),(842780,8),(843040,8),(844690,8),(844890,8),(853120,8),(853960,8),(856010,8),(856170,8),(856450,8),(859700,8),(861400,8),(862650,8),(862931,8),(865310,8),(865320,8),(865540,8),(867240,8),(868090,8),(868240,8),(869280,8),(871510,8),(871720,8),(872440,8),(872680,8),(873190,8),(873970,8),(874090,8),(874130,8),(874200,8),(874270,8),(874840,8),(876450,8),(876860,8),(876910,8),(876920,8),(876970,8),(876971,8),(877370,8),(877750,8),(878050,8),(878250,8),(878270,8),(879210,8),(879220,8),(879670,8),(880200,8),(880240,8),(880780,8),(881270,8),(881660,8),(881930,8),(882560,8),(884270,8),(884650,8),(884730,8),(885270,8),(888590,8),(889000,8),(889200,8),(445700,9),(451410,9),(452070,9),(461150,9),(595110,9),(611710,9),(617590,9),(621880,9),(657810,9),(699170,9),(711810,9),(717310,9),(735730,9),(745810,9),(763750,9),(799520,9),(813400,9),(813970,9),(818610,9),(821990,9),(824070,9),(824760,9),(825480,9),(830490,9),(835280,9),(836290,9),(837990,9),(839370,9),(847300,9),(847310,9),(850060,9),(852790,9),(853390,9),(854670,9),(860981,9),(861080,9),(866540,9),(868120,9),(868440,9),(868780,9),(870110,9),(870190,9),(870590,9),(870620,9),(872240,9),(872400,9),(872590,9),(873230,9),(874180,9),(874710,9),(874730,9),(874740,9),(874750,9),(875840,9),(876380,9),(877190,9),(877500,9),(879090,9),(880200,9),(881030,9),(881590,9),(884400,9),(885410,9),(885460,9),(885490,9),(885520,9),(885540,9),(885720,9),(886050,9),(886130,9),(886150,9),(887180,9),(887230,9),(887430,9),(888000,9),(888360,9),(888590,9),(888720,9),(889000,9),(889420,9),(890770,9),(892220,9),(440120,10),(511840,10),(621880,10),(649890,10),(654187,10),(654188,10),(673560,10),(682620,10),(708030,10),(711810,10),(718790,10),(762560,10),(766570,10),(793880,10),(813440,10),(813820,10),(820030,10),(823600,10),(824420,10),(829420,10),(838360,10),(840130,10),(843050,10),(844490,10),(844890,10),(845070,10),(859090,10),(862560,10),(862931,10),(863730,10),(863760,10),(866540,10),(868090,10),(871720,10),(872240,10),(872600,10),(873230,10),(874710,10),(874730,10),(874740,10),(874750,10),(876900,10),(876970,10),(876971,10),(881480,10),(881590,10),(884660,10),(885550,10),(887580,10),(888240,10),(833920,11),(871720,11),(873610,11),(874100,11),(875630,11),(877370,11),(652660,12),(673560,12),(679750,12),(708030,12),(708760,12),(775900,12),(808080,12),(813440,12),(833650,12),(836400,12),(838770,12),(853960,12),(859700,12),(860220,12),(861960,12),(869780,12),(871510,12),(876310,12),(876860,12),(876970,12),(876971,12),(878050,12),(880200,12),(881270,12),(881930,12),(884270,12),(617590,13),(699170,13),(829130,13),(845070,13),(852790,13),(871720,13),(873310,13),(874270,13),(878520,13),(878980,13),(349470,14),(617590,14),(699170,14),(749780,14),(831070,14),(845070,14),(862430,14),(869280,14),(873310,14),(874270,14),(887450,14),(892220,14),(646910,15),(749780,15),(838160,15),(843370,15),(871720,15),(872290,15),(882560,15),(640850,16),(646910,16),(809840,16),(847260,16),(780020,17),(809840,17),(847260,17),(868440,17),(873190,17),(813400,18),(818610,18),(830490,18),(852790,18),(873230,18),(879090,18),(892220,18),(873310,19),(492180,20),(640850,20),(654187,20),(654188,20),(847260,20),(868440,20),(872680,20),(873190,20),(878170,20),(509400,21),(793880,21),(851670,21),(869280,21),(874270,21),(460060,22),(492180,22),(617590,22),(640120,22),(734840,22),(736260,22),(820030,22),(829040,22),(831070,22),(834100,22),(836700,22),(838160,22),(843130,22),(843370,22),(851670,22),(860770,22),(872090,22),(872290,22),(874010,22),(876180,22),(878250,22),(878610,22),(882560,22),(511840,23),(595110,23),(621880,23),(646910,23),(660730,23),(681660,23),(682620,23),(718790,23),(749780,23),(762560,23),(788260,23),(799520,23),(811240,23),(814110,23),(833650,23),(840130,23),(844890,23),(853120,23),(865200,23),(867240,23),(874100,23),(881590,23),(884660,23),(885270,23),(885540,23),(888590,23),(349470,24),(461870,24),(560080,24),(646910,24),(711810,24),(749780,24),(766570,24),(770560,24),(813820,24),(849790,24),(856110,24),(860770,24),(876900,24),(880760,24),(887450,24),(621880,25),(681660,25),(799520,25),(617590,26),(762780,26),(778660,26),(788260,26),(813820,26),(871720,26),(461870,27),(617590,27),(646910,27),(657810,27),(681660,27),(882560,27),(699170,28),(799520,28),(838160,28),(852790,28),(873230,28),(874270,28),(876480,28),(879090,28),(885410,28),(885460,28),(885490,28),(885520,28),(887180,28),(887230,28),(888720,28),(889420,28),(890770,28),(228380,29),(349470,29),(536670,29),(646910,29),(689290,29),(772230,29),(773430,29),(775900,29),(808080,29),(819740,29),(833650,29),(838770,29),(840810,29),(845650,29),(847850,29),(853960,29),(855650,29),(859090,29),(864010,29),(865990,29),(867640,29),(867730,29),(880200,29),(888590,29),(640120,30),(780500,30),(819740,30),(840810,30),(854420,30),(869930,30),(228380,31),(749780,31),(228380,32),(749780,32),(833650,32),(871580,32),(878610,32),(349470,33),(717310,33),(745520,33),(862430,33),(867640,33),(870590,33),(876480,33),(887450,33),(735890,34),(826190,34),(826210,34),(850060,34),(852790,34),(854420,34),(657810,35),(717310,35),(802130,35),(854420,35),(862430,35),(869930,35),(870090,35),(872090,35),(876480,35),(887450,35),(489380,36),(547480,36),(557520,36),(649890,36),(679750,36),(708760,36),(793190,36),(813670,36),(819060,36),(836400,36),(866540,36),(868090,36),(868240,36),(870090,36),(874090,36),(881070,36),(881800,36),(617590,37),(871720,37),(873190,37),(877370,37),(880890,37),(819060,38),(646910,39),(819060,39),(833650,39),(586170,40),(586170,41),(734840,41),(743920,41),(749780,41),(762780,41),(772230,41),(778660,41),(819740,41),(833650,41),(860770,41),(871720,41),(874010,41),(876480,41),(877070,41),(877370,41),(878250,41),(882560,41),(887450,41),(679750,42),(766570,42),(720270,43),(734840,43),(762780,43),(778660,43),(809440,43),(813670,43),(823600,43),(856170,43),(860450,43),(881070,43),(567160,44),(820030,44),(862650,44),(867610,44),(869280,44),(809440,45),(849790,45),(856170,45),(862650,45),(680860,46),(862650,46),(756610,47),(756611,47),(774231,47),(871490,47),(872440,47),(873230,47),(756610,48),(756611,48),(871490,48),(872440,48),(845070,49),(873310,49),(864380,50),(870190,50),(875630,50),(876180,50),(885650,50),(617590,51),(749780,51),(871720,51),(880890,51),(460060,52),(617590,52),(640120,52),(646910,52),(699170,52),(734840,52),(743920,52),(745520,52),(749780,52),(820030,52),(829130,52),(833650,52),(854420,52),(860770,52),(862650,52),(870090,52),(871720,52),(872090,52),(873310,52),(873790,52),(874010,52),(874270,52),(875250,52),(876480,52),(877370,52),(878250,52),(878610,52),(887450,52),(892220,52),(699170,53),(885410,53),(885460,53),(885490,53),(886130,53),(886150,53),(887180,53),(887230,53),(888720,53),(889420,53),(892220,53),(885410,54),(885460,54),(885490,54),(885520,54),(886050,54),(886130,54),(886150,54),(887180,54),(887230,54),(888720,54),(889420,54),(890770,54),(657810,55),(885410,55),(886130,55),(886150,55),(887180,55),(888720,55),(889420,55),(885460,56),(886130,56),(886150,56),(887180,56),(888720,56),(889420,56),(892220,56),(749780,57),(762780,57),(778660,57),(820030,57),(862650,57),(877180,57),(878250,57),(878610,57),(889420,57),(793190,58),(821680,58),(854710,58),(869680,58),(870420,58),(885410,58),(885460,58),(885490,58),(886050,58),(886130,58),(886150,58),(887180,58),(887230,58),(890770,58),(640120,59),(843370,59),(878980,59),(878980,60),(649890,61),(831070,61),(877370,61),(878980,61),(882560,61),(878520,62),(835280,63),(852790,63),(878520,63),(762780,64),(778660,64),(829130,64),(852790,64),(860770,64),(877370,64),(878520,64),(349470,65),(646910,65),(745520,65),(833650,65),(870090,65),(870590,65),(877070,65),(877370,65),(349470,66),(349470,67),(640120,67),(349470,68),(745520,68),(770560,68),(860770,68),(871580,68),(872400,68),(880760,68),(349470,69),(657810,70),(699170,70),(743920,70),(762780,70),(778660,70),(829130,70),(854420,70),(862650,70),(870590,70),(872090,70),(874010,70),(876480,70),(878250,70),(879180,70),(887450,70),(892220,70),(762780,71),(778660,71),(870590,71),(492180,72),(762780,72),(778660,72),(862430,72),(862650,72),(887450,72),(749780,73),(762780,73),(778660,73),(824420,73),(852790,73),(860770,73),(871720,73),(873230,73),(877370,73),(879090,73),(887450,73),(646910,74),(762780,74),(770560,74),(778660,74),(874270,74),(762780,75),(778660,75),(887450,75),(762780,76),(778660,76),(852790,76),(860770,76),(874270,76),(877180,76),(879090,76),(699170,77),(749780,77),(762780,77),(778660,77),(492180,78),(762780,78),(778660,78),(862430,78),(877180,78),(877370,78),(878610,78),(887450,78),(762780,79),(778660,79),(860770,79),(862650,79),(872090,79),(874270,79),(875250,79),(876480,79),(877370,79),(887450,79),(749780,80),(872170,80),(745520,81),(872170,81),(824820,82),(872170,82),(882400,82),(682620,83),(854420,83),(682620,84),(846130,85),(880760,85),(823600,86),(846130,86),(860770,86),(770560,87),(833650,87),(846130,87),(872400,87),(876480,87),(846130,88),(862650,88),(726840,89),(846130,89),(874270,89),(617590,90),(870590,90),(871720,90),(745520,91),(854420,91),(871720,91),(785050,92),(829130,92),(871720,92),(872090,92),(877180,92),(877250,92),(877370,92),(871720,93),(657810,94),(699170,94),(871720,94),(617590,95),(640120,95),(646910,95),(649890,95),(743920,95),(831070,95),(833650,95),(867610,95),(871720,95),(872090,95),(873310,95),(874010,95),(874270,95),(875250,95),(878250,95),(882560,95),(887450,95),(852790,96),(870110,96),(745520,97),(770560,97),(871580,97),(770560,98),(745520,99),(770560,99),(872400,99),(887450,99),(617590,100),(720270,100),(770560,100),(843370,100),(867610,100),(870590,100),(876480,100),(886130,100),(886150,100),(770560,101),(770560,102),(873230,102),(874010,103),(882560,103),(657810,104),(852790,104),(874270,104),(875250,104),(876480,104),(877370,104),(882560,104),(874010,105),(874270,105),(875250,105),(877370,105),(878250,105),(882560,105),(874270,106),(882560,106),(874270,107),(882560,107),(872090,108),(874270,108),(847310,109),(873310,109),(847310,110),(699170,111),(699170,112),(892220,112),(699170,113),(699170,114),(699170,115),(862650,115),(872400,115),(657810,116),(699170,116),(711810,116),(745520,116),(862430,116),(870590,116),(872090,116),(876480,116),(699170,117),(699170,118),(699170,119),(833650,119),(854420,119),(873310,119),(873790,119),(878250,119),(646910,120),(646910,121),(657810,121),(745520,121),(749780,121),(887450,121),(657810,122),(717310,122),(835280,122),(879180,122),(657810,123),(657810,124),(867610,124),(461870,125),(617590,125),(749780,125),(833650,125),(874010,126),(877070,126),(877070,127),(877070,128),(734840,129),(877070,129),(873370,130),(873370,131),(776380,132),(824070,132),(881950,132),(776380,133),(819060,133),(711810,134),(873230,135),(821680,136),(849790,136),(849790,137),(862430,138),(872400,138),(492180,139),(743920,139),(872400,139),(876480,139),(745520,140),(872400,140),(872400,141),(872600,141),(869930,142),(873610,142),(876480,142),(887450,142),(876480,143),(878250,143),(876480,144),(862430,145),(876480,145),(833650,146),(802130,147),(833650,147),(831070,148),(852790,148),(283540,149),(684690,149),(852994,149),(853013,149),(861732,149),(871250,149),(875150,149),(875152,149),(283540,150),(852991,150),(852994,150),(853013,150),(861732,150),(871250,150),(875150,150),(875152,150),(772230,151),(749780,152),(880760,152),(873790,153),(880760,153),(461870,154),(852790,155),(879090,155),(867610,156),(867610,157),(867610,158),(867610,159),(821680,160),(862650,160),(867610,160),(820030,161),(867610,161),(862650,162),(867610,162),(867610,163),(867610,164),(867610,165),(867610,166),(877370,166),(867610,167),(862650,168),(862650,169),(862650,170),(862650,171),(877370,172),(877370,173),(877370,174),(875250,175),(834100,176),(735890,177),(826190,177),(826210,177),(836400,178),(869680,179),(870420,179),(824420,180),(870420,181),(684690,182),(870590,182),(810420,183),(820030,183),(846700,183),(871970,183),(820030,184),(850060,185),(735730,186),(684690,187),(749780,188),(873790,188),(749780,189),(823600,190),(823600,191),(862430,192),(871170,193),(887450,194),(887450,195);
/*!40000 ALTER TABLE `tbl_game_has_tbl_game_tag` ENABLE KEYS */;
UNLOCK TABLES;

--
-- Table structure for table `tbl_game_tag`
--

DROP TABLE IF EXISTS `tbl_game_tag`;
/*!40101 SET @saved_cs_client     = @@character_set_client */;
/*!40101 SET character_set_client = utf8 */;
CREATE TABLE `tbl_game_tag` (
  `id` int(11) NOT NULL AUTO_INCREMENT,
  `name` varchar(255) DEFAULT NULL,
  `tbl_game_category_id` int(11) DEFAULT NULL,
  PRIMARY KEY (`id`),
  KEY `fk_tbl_game_tag_tbl_game_category_idx` (`tbl_game_category_id`),
  CONSTRAINT `fk_tbl_game_tag_tbl_game_category` FOREIGN KEY (`tbl_game_category_id`) REFERENCES `tbl_game_category` (`id`) ON DELETE NO ACTION ON UPDATE NO ACTION
) ENGINE=InnoDB AUTO_INCREMENT=196 DEFAULT CHARSET=utf8;
/*!40101 SET character_set_client = @saved_cs_client */;

--
-- Dumping data for table `tbl_game_tag`
--

LOCK TABLES `tbl_game_tag` WRITE;
/*!40000 ALTER TABLE `tbl_game_tag` DISABLE KEYS */;
INSERT INTO `tbl_game_tag` VALUES (1,'Early Access',NULL),(2,'Action',1),(3,'Indie',4),(4,'Gore',NULL),(5,'Casual',3),(6,'Adventure',2),(7,'Strategy',10),(8,'Simulation',8),(9,'RPG',7),(10,'Free to Play',NULL),(11,'Memes',NULL),(12,'Sports',9),(13,'Story Rich',NULL),(14,'Great Soundtrack',NULL),(15,'First-Person',NULL),(16,'Nudity',NULL),(17,'Sexual Content',NULL),(18,'RPGMaker',NULL),(19,'Interactive Fiction',NULL),(20,'Violent',NULL),(21,'Music',NULL),(22,'Puzzle',NULL),(23,'Massively Multiplayer',5),(24,'Multiplayer',NULL),(25,'MMORPG',NULL),(26,'Survival',NULL),(27,'Open World',NULL),(28,'Fantasy',NULL),(29,'Racing',6),(30,'3D Platformer',NULL),(31,'Destruction',NULL),(32,'Physics',NULL),(33,'Retro',NULL),(34,'Anime',11),(35,'Platformer',NULL),(36,'VR',NULL),(37,'Psychological Horror',NULL),(38,'Mars',NULL),(39,'Driving',NULL),(40,'Ninja',NULL),(41,'Difficult',NULL),(42,'Fishing',NULL),(43,'Tower Defense',NULL),(44,'Management',NULL),(45,'RTS',NULL),(46,'Base Building',NULL),(47,'Education',NULL),(48,'Software Training',NULL),(49,'Choices Matter',NULL),(50,'Visual Novel',NULL),(51,'Horror',14),(52,'Singleplayer',NULL),(53,'Turn-Based',NULL),(54,'Software',NULL),(55,'Online Co-Op',NULL),(56,'Party-Based RPG',NULL),(57,'Family Friendly',NULL),(58,'Utilities',NULL),(59,'Puzzle-Platformer',NULL),(60,'Psychological',NULL),(61,'Mystery',NULL),(62,'Time Management',NULL),(63,'Female Protagonist',NULL),(64,'Comedy',12),(65,'Arcade',NULL),(66,'Kickstarter',NULL),(67,'Level Editor',NULL),(68,'Local Multiplayer',NULL),(69,'Moddable',NULL),(70,'2D',NULL),(71,'Aliens',NULL),(72,'Cartoony',NULL),(73,'Funny',NULL),(74,'Third Person',NULL),(75,'Hand-drawn',NULL),(76,'Cute',NULL),(77,'Tactical',NULL),(78,'Cartoon',NULL),(79,'Colorful',NULL),(80,'Zombies',NULL),(81,'Dinosaurs',NULL),(82,'Movie',NULL),(83,'Mechs',NULL),(84,'Card Game',NULL),(85,'Arena Shooter',NULL),(86,'Competitive',NULL),(87,'Controller',NULL),(88,'Building',NULL),(89,'Sandbox',NULL),(90,'Survival Horror',NULL),(91,'Robots',NULL),(92,'Point&amp; Click',NULL),(93,'Dark',NULL),(94,'Character Customization',NULL),(95,'Atmospheric',NULL),(96,'Drama',13),(97,'4 Player Local',NULL),(98,'Stealth',NULL),(99,'Local Co-Op',NULL),(100,'Sci-fi',15),(101,'Gaming',NULL),(102,'Steam Machine',NULL),(103,'Abstract',NULL),(104,'Exploration',NULL),(105,'Relaxing',NULL),(106,'Surreal',NULL),(107,'Walking Simulator',NULL),(108,'Short',NULL),(109,'Choose Your Own Adventure',NULL),(110,'Text-Based',NULL),(111,'Turn-Based Tactics',NULL),(112,'Turn-Based Combat',NULL),(113,'Turn-Based Strategy',NULL),(114,'Steampunk',NULL),(115,'Isometric',NULL),(116,'Pixel Graphics',NULL),(117,'Class-Based',NULL),(118,'Strategy RPG',NULL),(119,'Replay Value',NULL),(120,'Flight',NULL),(121,'Co-op',NULL),(122,'Metroidvania',NULL),(123,'Dark Fantasy',NULL),(124,'Lore-Rich',NULL),(125,'Realistic',NULL),(126,'Fast-Paced',NULL),(127,'Bullet Time',NULL),(128,'Mouse only',NULL),(129,'Minimalist',NULL),(130,'Fighting',NULL),(131,'2D Fighter',NULL),(132,'Space',NULL),(133,'Space Sim',NULL),(134,'Rogue-like',NULL),(135,'Science',NULL),(136,'Wargame',NULL),(137,'4X',NULL),(138,'Action RPG',NULL),(139,'Action-Adventure',NULL),(140,'Top-Down',NULL),(141,'Historical',NULL),(142,'Side Scroller',NULL),(143,'GameMaker',NULL),(144,'Gun Customization',NULL),(145,'Classic',NULL),(146,'Offroad',NULL),(147,'Time Attack',NULL),(148,'Magic',NULL),(149,'Design&amp; Illustration',NULL),(150,'Web Publishing',NULL),(151,'Rogue-lite',NULL),(152,'FPS',NULL),(153,'Third-Person Shooter',NULL),(154,'Crime',NULL),(155,'JRPG',NULL),(156,'Dystopian',NULL),(157,'Alternate History',NULL),(158,'Politics',NULL),(159,'Political',NULL),(160,'Real-Time',NULL),(161,'Capitalism',NULL),(162,'Resource Management',NULL),(163,'Multiple Endings',NULL),(164,'Cold War',NULL),(165,'Grand Strategy',NULL),(166,'Illuminati',NULL),(167,'Cyberpunk',NULL),(168,'Economy',NULL),(169,'Agriculture',NULL),(170,'City Builder',NULL),(171,'Medieval',NULL),(172,'Clicker',NULL),(173,'Dark Comedy',NULL),(174,'Experimental',NULL),(175,'Psychedelic',NULL),(176,'Match 3',NULL),(177,'Episodic',NULL),(178,'Basketball',NULL),(179,'Audio Production',NULL),(180,'Voice Control',NULL),(181,'Video Production',NULL),(182,'Dungeon Crawler',NULL),(183,'Hidden Object',NULL),(184,'Board Game',NULL),(185,'Hack and Slash',NULL),(186,'Lovecraftian',NULL),(187,'CRPG',NULL),(188,'Shooter',NULL),(189,'Team-Based',NULL),(190,'Real Time Tactics',NULL),(191,'PvP',NULL),(192,'Cult Classic',NULL),(193,'Animation&amp; Modeling',NULL),(194,'Bullet Hell',NULL),(195,'Shoot \'Em Up',NULL);
/*!40000 ALTER TABLE `tbl_game_tag` ENABLE KEYS */;
UNLOCK TABLES;

--
-- Table structure for table `tbl_gear`
--

DROP TABLE IF EXISTS `tbl_gear`;
/*!40101 SET @saved_cs_client     = @@character_set_client */;
/*!40101 SET character_set_client = utf8 */;
CREATE TABLE `tbl_gear` (
  `id` int(11) NOT NULL AUTO_INCREMENT,
  `name` varchar(255) DEFAULT NULL,
  `href` varchar(255) DEFAULT NULL,
  `img_src` varchar(255) DEFAULT NULL,
  `price` varchar(255) DEFAULT NULL,
  `screen` varchar(255) DEFAULT NULL,
  `cpu` varchar(255) DEFAULT NULL,
  `ram` varchar(255) DEFAULT NULL,
  `vga` varchar(255) DEFAULT NULL,
  `os` varchar(255) DEFAULT NULL,
  `weight` varchar(255) DEFAULT NULL,
  PRIMARY KEY (`id`)
) ENGINE=InnoDB AUTO_INCREMENT=139 DEFAULT CHARSET=utf8;
/*!40101 SET character_set_client = @saved_cs_client */;

--
-- Dumping data for table `tbl_gear`
--

LOCK TABLES `tbl_gear` WRITE;
/*!40000 ALTER TABLE `tbl_gear` DISABLE KEYS */;
INSERT INTO `tbl_gear` VALUES (1,'Asus Vivobook S14 S410UA-EB003T','/may-tinh-xach-tay/asus-vivobook-s14-s410ua-eb003t','//cdn.fptshop.com.vn/Uploads/Mediums/2017/11/13/636461777758940643_Asus-Vivobook-S14-S410UA-EB220T.png','15.990.000đ','14 inch Full HD Wide View','Intel Core i5-8250U','4 GB DDR4','Intel UHD Graphics 620','Windows 10 (64bit)','1.43 kg'),(2,'Asus X441UA-WX027','/may-tinh-xach-tay/asus-x441ua-wx027','//cdn.fptshop.com.vn/Uploads/Mediums/2017/7/13/636355579654361679_1o.jpg','8.990.000đ','14 inchHD LED backlight','Intel Core i3','4 GB DDR4','Intel HD Graphics Share','Free DOS','2.09 Kg'),(3,'Asus FX503VD-E4082T/Core i5-7300HQ','/may-tinh-xach-tay/asus-fx503vd-e4082tcore-i5-7300hq','//cdn.fptshop.com.vn/Uploads/Mediums/2017/10/26/636446350429618392_FX503VD-E4082T.png','20.490.000đ','15.6 inch Full HD','Intel Core i5-7300HQ','8 GB DDR4 2400MHz','NVIDIA Geforce GTX 1050 4 GB','Windows 10 Home','2.2 Kg'),(4,'Dell Inspiron N3567C','/may-tinh-xach-tay/dell-inspiron-n3567c','//cdn.fptshop.com.vn/Uploads/Mediums/2018/5/22/636625867372758513_Dell-N3567.png','9.990.000đ','15.6 inchHD WLED True-Life','Intel Core i3 2.0 GHz','4 GB DDR4 2133 MHz','Intel HD Graphics 520 Share','Ubuntu','2.30 Kg'),(5,'Asus X541UV-GO607','/may-tinh-xach-tay/asus-x541uv-go607','//cdn.fptshop.com.vn/Uploads/Mediums/2017/8/2/636372919104146711_1o.jpg','12.990.000đ','15.6 inchHD LED backlight','Intel Core i5 2.50 GHz','4 GB DDR4','NVIDIA Geforce 920MX 2 GB','Free DOS','2.0 Kg'),(6,'Dell Inspiron N3552','/may-tinh-xach-tay/Dell-Inspiron-N3552','//cdn.fptshop.com.vn/Uploads/Mediums/2017/12/12/636486690376054277_Dell-Inspiron-N3552.png','7.990.000đ','15.6 inchs HDTruelife','Intel PentiumN3710','4 GBDDR3 1600 MHz','Intel HD Graphics Share','Ubuntu','2.20 Kg'),(7,'Lenovo Ideapad 120S-11IAP','/may-tinh-xach-tay/lenovo-ideapad-120s-11iap','//cdn.fptshop.com.vn/Uploads/Mediums/2018/3/1/636555001347298777_Lenovo-Ideapad-120S-11IAP.png','4.990.000đ','11.6 inchHD LED','Intel Celeron 1.10 GHz','2 GB LPDDR4 2400MHz','Intel&reg; HD Graphics Share','Windows 10 EM','1.27 Kg'),(8,'Lenovo Yoga Book','/may-tinh-bang/lenovo-yoga-book','//cdn.fptshop.com.vn/Uploads/Mediums/2017/9/22/636416674579451006_Lenovo Yoga Book.jpg','đ','IPS  10.1 inch(1920 x 1200 pixels)',NULL,'4 GB LPDDR3',NULL,'Android 6.0.1 Marshmallow',NULL),(9,'HP ENVY 13-ad075TU','/may-tinh-xach-tay/hp-envy-13-ad075tu','//cdn.fptshop.com.vn/Uploads/Mediums/2017/8/16/636384743489659561_HP-Envy-13-ad076TU.png','19.990.000đ','13.3 inchFHD IPS BrightView micro-edge WLED-backlit','Intel Core i5 2.50 GHz','4 GB LPDDR3 1866 MHz','Intel HD Graphics 620 Share','Windows 10 Home Single Language 64','1.23 Kg'),(10,'HP Pavilion 14-bf014TU','/may-tinh-xach-tay/hp-pavilion-14-bf014tu','//cdn.fptshop.com.vn/Uploads/Mediums/2017/8/8/636378051749718059_HP-Pavilion-14-bf014TU.png','11.490.000đ','14 inchFHD IPS BrightView WLED-backlit','Intel Core i3 2.40 GHz','4 GB DDR4 2133 MHz','Intel HD Graphics 620 Share','Free DOS','1.63 kg'),(11,'HP 15-bs637TX','/may-tinh-xach-tay/hp-15-bs637tx','//cdn.fptshop.com.vn/Uploads/Mediums/2017/8/8/636378032368806847_HP-15-bs637TX.png','10.690.000đ','15.6 inchHD SVA BrightView WLED-backlit','Intel Core i3 2.0 GHz','4 GB DDR4 2133 MHz','AMD RADEON 520 2GB','Free DOS','1.86 Kg'),(12,'Asus Vivobook S15 S510UA-BQ111T/Core i3-7100U','/may-tinh-xach-tay/asus-vivobook-s15-s510ua-bq111tcore-i3-7100u','//cdn.fptshop.com.vn/Uploads/Mediums/2017/10/26/636446124445950926_Asus-Vivobook-S15-S510UA-BQ111T.png','13.290.000đ','15.6 inchFHD Anti-Glare','Intel Core i3-7100U','4 GB DDR4 2133 MHz','Intel HD Graphics 620 Share','Window 10','1.70 kg'),(13,'Dell Inspiron N3567/i5-7200U','/may-tinh-xach-tay/dell-inspiron-n3567i5-7200u','//cdn.fptshop.com.vn/Uploads/Mediums/2018/5/22/636625867372758513_Dell-N3567.png','14.290.000đ','15.6 inchTruelife LED-Backlit Display','Intel Core i5-7200U','4 GB DDR4 2133 MHz','AMD Radeon Graphics 2 GB','Ubuntu Linux 16.04','2.30 Kg'),(14,'HP 15-bs555TU/Core i3-6006U','/may-tinh-xach-tay/hp-15-bs555tucore-i3-6006u','//cdn.fptshop.com.vn/Uploads/Mediums/2017/9/15/636410683569855871_HP-15-bs559TU.png','9.490.000đ','15.6 inch LED-backlit','Intel Core i3 2.0 GHz','4GB DDR4 2133 MHz','Intel HD Graphics Share','Free Dos','1.9 Kg'),(15,'Macbook Air 13 128GB MQD32SA/A (2017)','/may-tinh-xach-tay/macbook-air-13-128gb-mqd32saa','//cdn.fptshop.com.vn/Uploads/Mediums/2018/5/25/636628462398584103_1o.png','23.999.000đ','13.3 inch LED-backlit','Intel Core i5 1.8 Ghz','8 GB LPDDR3 1600 Mhz','Intel HD Graphics 6000','Mac Os','1.35 Kg'),(16,'HP Pavilion 14-bf103TU','/may-tinh-xach-tay/hp-pavilion-14-bf103tu','//cdn.fptshop.com.vn/Uploads/Mediums/2017/11/30/636476827807250356_636390745568991911_HASP-HP-PAVILION-14-BG018TU-AVATAR 640 (1).jpeg','14.490.000đ','14 inch FHD IPS BrightView WLED-backlit','Intel Core i5-8250U','4 GB DDR4 2133 MHz','Intel HD Graphics 620 Share','Free DOS','1.63 kg'),(17,'HP 15-bs576TU','/may-tinh-xach-tay/hp-15-bs576tu','//cdn.fptshop.com.vn/Uploads/Mediums/2017/8/8/636378004674377681_HP-15-bs576TU.png','6.290.000đ','15.6 inchHD SVA BrightView WLED-backlit','Intel Celeron 1.60 GHz','4 GB DDR3L 1600 MHz','Intel HD Graphics 400 Share','Free DOS','1.86 Kg'),(18,'HP 15-bs553TU','/may-tinh-xach-tay/hp-15-bs553tu','//cdn.fptshop.com.vn/Uploads/Mediums/2017/10/25/636445206419575141_1o.png','6.990.000đ','15.6 inchHD SVA BrightView WLED-backlit','Intel Pentium 1.60 GHz','4 GB DDR3L 1600 MHz','Intel HD Graphics Share','Free DOS','1.86 Kg'),(19,'Dell V3468','/may-tinh-xach-tay/dell-v3468','//cdn.fptshop.com.vn/Uploads/Mediums/2017/7/11/636353802598528548_Dell-V3468.png','10.890.000đ','14 inchHD','Intel Core i3 2.4 Ghz','4 GB DDR4 2133 MHz','Intel HD Graphics Share','Ubuntu','1.96 kg'),(20,'Asus Vivobook S15 S510UQ-BQ321T','/may-tinh-xach-tay/asus-vivobook-s15-s510uq-bq321t','//cdn.fptshop.com.vn/Uploads/Mediums/2017/7/18/636359712332777024_1o.jpg','16.490.000đ','15.6 inch LED-backlit','Intel Core i5 2.50 GHz','4 GB DDR4 2400MHz','NVIDIA GEFORCE 940MX 2 GB','Windows 10 Home 64 SL','1.7 Kg'),(21,'Masstel L133','/may-tinh-xach-tay/Masstel-L133','//cdn.fptshop.com.vn/Uploads/Mediums/2018/2/22/636549179165928759_Masstel-L133.png','4.990.000đ','13.3 inch FullHD IPS','Intel Celeron N3350 1.10 GHz','3 GB LPDDR3 1600 MHz',NULL,NULL,'1.2 Kg'),(22,'Lenovo Ideapad 100s-11IBY','/may-tinh-xach-tay/ideapad-100s-11iby','//cdn.fptshop.com.vn/Uploads/Mediums/2015/8/17/635754273534555586_100s-1cells.jpg','đ','11.6 inchHD LED','Intel Atom 1.33GHz','2 GB DDR3L 1333 MHz','Intel HD Graphics Share','Windows 10','1.0 kg'),(23,'Acer A315-51-364W','/may-tinh-xach-tay/Acer-A315-51-364W','//cdn.fptshop.com.vn/Uploads/Mediums/2017/7/20/636361452104702609_Acer-A315-51-37B9.png','8.990.000đ','15.6 inch','Intel Core i3','4 GB DDR4 2133 MHz','Intel HD Graphics 620','Free DOS','2.1 Kg'),(24,'Asus Vivobook E406SA-BV043T','/may-tinh-xach-tay/Asus-Vivobook-E406SA-BV043T','//cdn.fptshop.com.vn/Uploads/Mediums/2018/5/17/636621462203915542_Asus-Vivobook-E406SA-white.png','5.490.000đ','14.0 inch HD Ultra Slim 200nits','Intel Celeron N3060','2 GB DDR3 1600 MHz','Intel HD Graphics 500','Windows 10','1.22 Kg'),(25,'Asus Vivobook E406SA-BV001T','/may-tinh-xach-tay/Asus-Vivobook-E406SA-BV001T','//cdn.fptshop.com.vn/Uploads/Mediums/2018/5/14/636619145416321744_E406.png','5.490.000đ','14.0 inch HD Ultra Slim 200nits','Intel Celeron N3060','2 GB DDR3L 1600 MHz','Intel HD Graphics 500','Windows 10','1.22 Kg'),(26,'HP 15-bs648TU','/may-tinh-xach-tay/HP-15-bs648TU','//cdn.fptshop.com.vn/Uploads/Mediums/2018/3/16/636567917578759302_HP-15-bs648TU.png','7.390.000đ','15.6 inch','Intel Penitum N3710','4GB DDR4','Intel HD Graphics Share','Windows 10','1.9 Kg'),(27,'Asus Vivobook X407MA-BV043T','/may-tinh-xach-tay/Asus-Vivobook-X407MA-BV043T','//cdn.fptshop.com.vn/Uploads/Mediums/2018/5/14/636619078369923294_Asus-Vivobook-X407MA.png','6.390.000đ','inchs','Intel','4GB DDR4','Intel HD Graphics','Windows 10','1.50 Kg'),(28,'Masstel L133 Pro/Celeron N4100','/may-tinh-xach-tay/masstel-l133-pro-celeron-n4100','//cdn.fptshop.com.vn/Uploads/Mediums/2018/2/22/636549179165928759_Masstel-L133.png','6.990.000đ','13.3 inchs FullHD IPS','Intel Celeron N4100','4 GB LPDDR4',NULL,NULL,'1.20 Kg'),(29,'Asus X541NA-GO012T/Pentium N4200','/may-tinh-xach-tay/asus-x541na-go012tpentium-n4200','//cdn.fptshop.com.vn/Uploads/Mediums/2017/10/6/636428963355965294_X541NA-GO012T.png','7.290.000đ','15.6 inch HD LED','IntelPentiumN4200','4 GB DDR3L 1600 MHz','Intel HD Graphic','Windows 10','2.00 kg'),(30,'Acer A315-32-C9A4','/may-tinh-xach-tay/acer-a315-32-c9a4','//cdn.fptshop.com.vn/Uploads/Mediums/2018/6/18/636649108015974550_Acer-A315-32.jpg','6.090.000đ','15.6 inchs HD LED Backlight','Intel Celeron N4000','4 GB DDR4 2133 MHz','Intel&reg; UHD Graphics 600','Linux','1.89 Kg'),(31,'Asus Vivobook X507MA-BR069T','/may-tinh-xach-tay/Asus-Vivobook-X507MA-BR069T','//cdn.fptshop.com.vn/Uploads/Mediums/2018/3/28/636578276358777570_Asus-X507UA-BR167T.png','6.490.000đ','15.6 inch HD Anti-Glare','Intel Celeron N4000','4 GB DDR4 2400 MHz','Intel&reg; UHD Graphics 600','Windows 10 Home SL','1.75 Kg'),(32,'Acer AS A315-31-C8GB','/may-tinh-xach-tay/acer-as-a315-31-c8gb','//cdn.fptshop.com.vn/Uploads/Mediums/2017/8/22/636390140228420000_1o.jpg','5.999.000đ','15.6 inchAcer CineCrystal LED-backlit TFT LCD','Intel Celeron 1.10 GHz','4 GB DDR3L 1333 MHz','Intel HD Graphics Share','Linux','1.87 Kg'),(33,'Lenovo Ideapad 320-14ISK/ Windows 10','/may-tinh-xach-tay/lenovo-ideapad-320-14isk-windows-10','//cdn.fptshop.com.vn/Uploads/Mediums/2017/11/22/636469406353762713_lenovo-320.png','9.690.000đ','14 inch Full HD LED','Intel Core i3-6006U','4 GB DDR4 2133 MHz','Intel HD Graphics Share','Windows 10 Home EM','2.1 Kg'),(34,'Asus Vivobook X507MA-BR064T','/may-tinh-xach-tay/Asus-Vivobook-X507MA-BR064T','//cdn.fptshop.com.vn/Uploads/Mediums/2018/3/28/636578276358777570_Asus-X507UA-BR167T.png','7.490.000đ','15.6 inch HD Anti-Glare','Intel Pentium N5000','4 GB DDR4 2400 MHz','Intel HD Graphics 605','Windows 10','1.75 Kg'),(35,'Acer A315-51-3932/Core i3-6006U','/may-tinh-xach-tay/Acer-A315-51-3932Core-i3-6006U','//cdn.fptshop.com.vn/Uploads/Mediums/2017/7/20/636361452104702609_Acer-A315-51-37B9.png','8.690.000đ','15.6 inch HD','Intel Core i3-6006U','4 GB DDR4 2133MHz','Intel HD Graphics 520','Linux','Kg'),(36,'Acer AS A315-51-325E','/may-tinh-xach-tay/acer-as-a315-51-325e','//cdn.fptshop.com.vn/Uploads/Mediums/2018/6/18/636649121109296319_A315-51.jpg','9.190.000đ','15.6 inchs HD LED Backlight','Intel Core i3-7020U','4 GB DDR4 2133 MHz','Intel&reg; HD Graphics 620','Linux','1.89 Kg'),(37,'Masstel L133/Celeron N3350 Windows 10','/may-tinh-xach-tay/Masstel-L133Celeron-N3350-Windows-10','//cdn.fptshop.com.vn/Uploads/Mediums/2018/3/16/636567900808432072_Masstel-L133-gold.png','5.490.000đ','13.3 inch FullHD IPS','Intel Celeron N3350 1.10 GHz','3 GB LPDDR3 1600 MHz',NULL,NULL,'1.2 Kg'),(38,'HP 15-da0046TU/Celeron N4000','/may-tinh-xach-tay/hp-15-da0046tu-celeron-n4000','//cdn.fptshop.com.vn/Uploads/Mediums/2017/9/15/636410683569855871_HP-15-bs559TU.png','6.690.000đ','15.6 inchs','Intel Celeron N4000','4 GB DDR4 2400 MHz','Intel&reg; HD Graphics 600','Windows 10 Home SL','1.77 Kg'),(39,'HP 15-bs644TU/Celeron-N3060','/may-tinh-xach-tay/HP-15-bs644TUCeleron-N3060','//cdn.fptshop.com.vn/Uploads/Mediums/2018/3/9/636561825349353506_HP-15-bs644TU.png','6.490.000đ','15.6 inchs','Intel Celeron','4 GB DDR3L 1600 MHz','Intel HD Graphics Share','Windows 10 Home Single Language 64','Kg'),(40,'Asus Vivobook X510UA-BR543T','/may-tinh-xach-tay/asus-vivobook-x510ua-br543t','//cdn.fptshop.com.vn/Uploads/Mediums/2017/10/26/636446281789901822_Vivobook-X510UA-BR543T.png','13.290.000đ','15.6 inch HDAnti-Glare','Intel Core i5-8250U','4 GB DDR4','Intel UHD Graphics 620','Windows 10','1.7 Kg'),(41,'Asus X542UA-GO241T','/may-tinh-xach-tay/Asus-X542UA-GO241T','//cdn.fptshop.com.vn/Uploads/Mediums/2017/12/11/636485870878106449_ASUS--X542UA-1.png','13.990.000đ','15.6 inchsHD Glare LED','Intel Core i5-8250U','4 GB DDR4 2133 MHz','NVIDIA Geforce 940MX','Windows 10',NULL),(42,'Dell Ins N3467/i5-7200U','/may-tinh-xach-tay/dell-ins-n3467i5-7200u','//cdn.fptshop.com.vn/Uploads/Mediums/2017/7/11/636353840155341883_Dell-Ins-N3467-i5-7200U.png','12.990.000đ','14 inchAnti-Glare LED-Backlit Display','Intel Core i5 2.50 GHz','4 GB DDR4 2133 MHz','Intel HD Graphics 620 Share','Free DOS','2.1 Kg'),(43,'Dell Inspiron N3576/i5-8250U','/may-tinh-xach-tay/Dell-Inspiron-N3576i5-8250U','//cdn.fptshop.com.vn/Uploads/Mediums/2018/5/22/636625859222021285_N3576.png','14.590.000đ','15.6 inch FullHD','Intel Core i5-8250U','4 GB DDR4','AMD Radeon 520 2GB','Ubuntu','2.30 Kg'),(44,'Lenovo IdeaPad 310-15IKB','/may-tinh-xach-tay/lenovo-ideapad-310-15ikb','//cdn.fptshop.com.vn/Uploads/Mediums/2017/8/23/636390819292417729_1o.jpg','10.890.000đ','15.6 inchFull HD','Intel Core i5 2.50 GHz','4 GB DDR4 2133 MHz','Intel HD Graphics 620 Share','Free DOS','2.2 Kg'),(45,'HP Pavilion 15-cs0016TU','/may-tinh-xach-tay/hp-pavilion-15-cs0016tu','//cdn.fptshop.com.vn/Uploads/Mediums/2017/8/14/636383166870981625_HP-Pavilion-15-cc045TX.png','12.790.000đ','15.6 inch','Intel Core i3-8130U','4GB DDR4','Intel UHD Graphics 620','Windows 10 Home Single Language','2.10 Kg'),(46,'Asus Vivobook X507UA-BR167T/Core I3-6006U','/may-tinh-xach-tay/Asus-X507UA-BR167TCore-I3-6006U','//cdn.fptshop.com.vn/Uploads/Mediums/2018/3/28/636578276358777570_Asus-X507UA-BR167T.png','10.490.000đ','15.6 inch HD LED-BacklitAnti-Glare','Intel Core i3-6006U','4 GB DDR4 2133MHz','Intel&reg; HD graphics 520','Windows 10 64Bit','1.68 Kg'),(47,'HP Pavilion X360 14-ba080TU','/may-tinh-xach-tay/hp-pavilion-x360-14-ba080tu','//cdn.fptshop.com.vn/Uploads/Mediums/2017/8/14/636383202372532155_HP-Pavilion-x360-14-ba066TU.png','13.490.000đ','14 inch','Intel Core i3-7100U','4 GB DDR4 2400 MHz','Intel HD Graphics 620','Windows 10 Home Single Language 64-Bit','1.74 kg'),(48,'HP 15-bs642TU/Core i3-6006U','/may-tinh-xach-tay/HP-15-bs642TUCore-i3-6006U','//cdn.fptshop.com.vn/Uploads/Mediums/2017/9/15/636410683569855871_HP-15-bs559TU.png','9.590.000đ','15.6 inch','Intel Core i3 6006U','4GB DDR4 2133 MHz','Intel HD Graphics Share','Windows 10 Home','1.9 Kg'),(49,'Asus Vivobook X405UA-BV327T/Core I3-7100U','/may-tinh-xach-tay/asus-vivobook-x405ua-bv327tcore-i3-7100u','//cdn.fptshop.com.vn/Uploads/Mediums/2017/10/20/636440891356022012_Asus-Vivobook-X405UA-BV327T.png','10.490.000đ',NULL,NULL,NULL,NULL,NULL,NULL),(50,'HP Pavilion x360 14-ba062TU','/may-tinh-xach-tay/hp-pavilion-x360-14-ba062tu','//cdn.fptshop.com.vn/Uploads/Mediums/2017/8/21/636389352912774271_1o.jpg','12.490.000đ','14 inchHD SVA WLED-backlit multitouch-enabled edge-to-edge glass','Intel Core i3 2.40 GHz','4 GB DDR4 2133 MHz','Intel HD Graphics 620 Share','Windows 10 Home 64','1.63 kg'),(51,'Acer A315-51-53ZL/i5-7200U','/may-tinh-xach-tay/acer-a315-51-53zli5-7200u','//cdn.fptshop.com.vn/Uploads/Mediums/2017/11/2/636452139259432836_Acer-A315-51-53ZL.png','11.499.000đ','15.6 inch HD LED','Intel i5-7200U','4 GB DDR4 2133 MHz','Intel&reg; HD Graphics 620','Linux','1.8 kg'),(52,'Asus Vivobook S510UA-BQ222T/Core i3-8130U','/may-tinh-xach-tay/Asus-Vivobook-S510UA-BQ222TCore-i3-8130U','//cdn.fptshop.com.vn/Uploads/Mediums/2017/10/26/636446124445950926_Asus-Vivobook-S15-S510UA-BQ111T.png','13.290.000đ','15.6 inchFHD Anti-Glare','Intel Core i3-8130U','4 GB DDR4 2400 MHz','Intel UHD Graphics 620','Windows 10 precision touchpad','1.70 kg'),(53,'Acer Aspire E5-575G-39QW','/may-tinh-xach-tay/acer-aspire-e5-575g-39qw','//cdn.fptshop.com.vn/Uploads/Mediums/2017/7/19/636360613721345945_Acer-Aspire-E5-575G-39QW.png','10.690.000đ','15.6 inchFull HD','Intel Core i3 2.4 Ghz','4 GB DDR4 2133 MHz','NVIDIA GEFORCE 940MX 2 GB','Free DOS','2.3 Kg'),(54,'Asus Vivobook S14 S410UA-EB218T','/may-tinh-xach-tay/asus-vivobook-s14-s410ua-eb218t','//cdn.fptshop.com.vn/Uploads/Mediums/2017/11/15/636463344821445308_Asus-Vivobook-S14-S410UA-EB220T.png','12.290.000đ','14 inch Full HD Wide View','Intel Core i3-7100U','4 GB DDR4','Intel Graphics 620','Windows 10 (64bit)','1.43 kg'),(55,'HP Pavilion x360 11-ad026TU','/may-tinh-xach-tay/hp-pavilion-x360-11-ad026tu','//cdn.fptshop.com.vn/Uploads/Mediums/2017/8/21/636389290028082271_1o.jpg','12.690.000đ','11.6 inchHD IPS WLED-backlit multitouch-enabled edge-to-edge glass','Intel Core i3 2.40 GHz','4 GB DDR4 2133 MHz','Intel HD Graphics 620 Share','Windows 10 Home Single Language 64-BIT','1.39 Kg'),(56,'Lenovo Yoga 310-11IAP','/may-tinh-xach-tay/lenovo-yoga-310-11iap','//cdn.fptshop.com.vn/Uploads/Mediums/2017/7/24/636364882157360147_Lenovo-Yoga-310-11IAP.png','7.990.000đ','11.6 inchHD TN AG TOUCH','Intel Pentium 1.10 GHz','4 GB DDR3L 1600 MHz','Intel&reg; HD Graphics 505 Share','Windows 10','1.50 Kg'),(57,'HP Pavilion x360 14-ba066TU','/may-tinh-xach-tay/hp-pavilion-x360-14-ba066tu','//cdn.fptshop.com.vn/Uploads/Mediums/2017/8/14/636383202372532155_HP-Pavilion-x360-14-ba066TU.png','16.390.000đ','14 inchFHD IPS WLED-backlit multitouch-enabled edge-to-edge glass','Intel Core i5 2.50 GHz','4 GB DDR4 2133 MHz','Intel HD Graphics 620 Share','Windows 10 Home 64','1.63 kg'),(58,'Lenovo Miix 320-10ICR','/may-tinh-bang/lenovo-miix-320-10icr','//cdn.fptshop.com.vn/Uploads/Mediums/2017/7/24/636364921037689268_Lenovo-Miix-320-10ICR.png','6.490.000đ','10.1 inch',NULL,'4 GB',NULL,'Windows 10 Home',NULL),(59,'Samsung Galaxy Book','/may-tinh-bang/samsung-galaxy-book','//cdn.fptshop.com.vn/Uploads/Mediums/2017/9/7/636403782081214347_1o.jpg','19.990.000đ',NULL,NULL,'4 GB',NULL,'Windows 10 Home',NULL),(60,'Lenovo Yoga Book Windows Black','/may-tinh-bang/lenovo-yoga-book-windows-black','//cdn.fptshop.com.vn/Uploads/Mediums/2017/9/22/636416675511233033_Lenovo-Yoga-Book-Windows-Black.png','12.990.000đ','IPS  10.1 inch(1920 x 1080 pixels)',NULL,'4 GB LPDDR3',NULL,'Windows 10',NULL),(61,'Dell Ins N5378','/may-tinh-xach-tay/dell-ins-n5378','//cdn.fptshop.com.vn/Uploads/Mediums/2017/7/18/636359671685780392_Dell-Ins-N5378.png','23.990.000đ','13.3 inchFull HD','Intel Core i7 2.70 GHz','8 GB DDR4 2133 MHz','Intel HD Graphics Share','Window 10','1.6 Kg'),(62,'Dell N5570A','/may-tinh-xach-tay/Dell-N5570A','//cdn.fptshop.com.vn/Uploads/Mediums/2018/1/24/636523989448777180_Dell-N5570 1.png','24.590.000đ','15.6 inch FHD Anti Glare LED','Intel Core i7-8550U','8 GB DDR4 2400 MHz','AMD Radeon 530 4 GB','Windows 10','2.2 Kg'),(63,'Dell V3468/Core i5-7200U','/may-tinh-xach-tay/dell-v3468core-i5-7200u','//cdn.fptshop.com.vn/Uploads/Mediums/2017/7/11/636353802598528548_Dell-V3468.png','13.190.000đ','14.0 inchHD LED','Intel Core i5 2.50 GHz','4 GB DDR4 2400MHz','Intel(R) HD Graphics Share','Ubuntu Linux 16.04','195 kg'),(64,'HP Pavilion 15-cs0101TX','/may-tinh-xach-tay/hp-pavilion-15-cs0101tx','//cdn.fptshop.com.vn/Uploads/Mediums/2017/8/14/636383166870981625_HP-Pavilion-15-cc045TX.png','15.990.000đ','15.6 inch','Intel Core i5-8250U','4GB DDR4','NVIDIA GEFORCE MX130 2GB','Windows 10 Home','2.17 Kg'),(65,'Asus UX430UA-GV261T','/may-tinh-xach-tay/Asus-UX430UA-GV261T','//cdn.fptshop.com.vn/Uploads/Mediums/2017/12/11/636485838359190729_Asus-Zenbook-UX430-GV261T.png','21.190.000đ','14 inch Full HD Anti-Glare','Intel Core i5-8250U','8 GB DDR4 2133 MHz','Intel UHD Graphics 620','Windows 10 (64bit)','1.30 Kg'),(66,'Acer SF314-52-55UF','/may-tinh-xach-tay/acer-sf314-52-55uf','//cdn.fptshop.com.vn/Uploads/Mediums/2018/6/16/636647369404494502_Swift-3.png','16.990.000đ','14.0 inchs FHD IPS LCD','Intel Core i5-8250U','4 GB DDR4 2133 MHz','Intel&reg; UHD Graphics 620','Windows 10 Home','1.60 Kg'),(67,'Asus Zephyrus M GM501GS-EI004T/i7-8750H','/may-tinh-xach-tay/Asus-Zephyrus-M-GM501GS-EI004Ti7-8750H','//cdn.fptshop.com.vn/Uploads/Mediums/2018/5/7/636612835322671436_GM501GS-EI004T.png','64.990.000đ','15.6 inchs FHD IPS','Intel Core i7-8750H','16 GB DDR4 2666 MHz','NVIDIA Geforce GTX 1070 8GB DDR5','Windows 10 64Bit','2.20 Kg'),(68,'HP 15-bs666TX/Core i3 6006U','/may-tinh-xach-tay/HP-15-bs666TXCore-i3-6006U','//cdn.fptshop.com.vn/Uploads/Mediums/2017/8/8/636378032368806847_HP-15-bs637TX.png','10.290.000đ','15.6 inch HD SVA BrightView WLED-backlit','Intel Core i3-6006U','4 GB DDR4 2133 MHz','AMD RADEON 520 2GB','Windows 10','1.86 Kg'),(69,'HP Envy 13-ah0026TU','/may-tinh-xach-tay/HP-Envy-13-ah0026TU','//cdn.fptshop.com.vn/Uploads/Mediums/2017/8/16/636384743489659561_HP-Envy-13-ad076TU.png','21.990.000đ','13.3 inchs FHD IPS BrightView micro-edge','Intel Core i5-8250U','8 GBDDR4 2133 MHz','Intel&reg; UHD Graphics 620','Windows 10 Home','1.21 Kg'),(70,'Asus Vivobook Flip TP410UA-EC227T','/may-tinh-xach-tay/Asus-Vivobook-Flip-TP410UA-EC227T','//cdn.fptshop.com.vn/Uploads/Mediums/2017/11/14/636462723264755496_Asus-TP410UA.png','13.390.000đ','14.0 inch FullHDUltra Slim 250nits','Intel Core i3-7100U','4 GB DDR4 2133 MHz','Intel HD Graphics 620','Windows 10','1.60 Kg'),(71,'Lenovo ThinkPad E570','/may-tinh-xach-tay/lenovo-thinkpad-e570','//cdn.fptshop.com.vn/Uploads/Mediums/2017/7/26/636366639106484424_Lenovo-ThinkPad-E570.png','16.190.000đ','15.6 inchAnti-Glare LED-Backlit Display','Intel Core i5 2.50 GHz','4 GB DDR4 2133 MHz','NVIDIA Geforce 940M (2G) 2 GB','Windows 10 Single Language Home','2.30 Kg'),(72,'Lenovo Ideapad 320s','/may-tinh-xach-tay/Lenovo-Ideapad-320s','//cdn.fptshop.com.vn/Uploads/Mediums/2018/1/31/636530151197935574_Lenovo-320s.png','14.990.000đ','13.3 inch Full HD IPS','Intel Core i5-8250U','4 GB DDR4 2400 MHz','Intel&reg; UHD Graphics 620','Windows 10 Home','1.2 Kg'),(73,'Asus Vivobook A510UF-EJ184T/i5-8250U','/may-tinh-xach-tay/Asus-Vivobook-A510UF-EJ184Ti5-8250U','//cdn.fptshop.com.vn/Uploads/Mediums/2018/5/14/636618927103476689_Asus-Vivobook-A510UF-EJ182T.png','14.590.000đ','15.6 inchFHD LED Backlight','Intel Core i5-8250U','4 GB DDR4 2400 MHz','NVIDIA GeForce MX130 2GB','Win 10 Home Single Language 64 bit','1.66 Kg'),(74,'Dell N5370','/may-tinh-xach-tay/Dell-N5370','//cdn.fptshop.com.vn/Uploads/Mediums/2017/11/22/636469427023883673_Dell-Ins-N7370.png','15.090.000đ','13.3 inch Anti-glare LED-Backlit Display','Intel Core i3-7130U','4 GB DDR4 2400 MHz','Intel(R) UHD Graphics 620','Windows 10 Home Single Languag e English','1.396 Kg'),(75,'Dell Vostro V5568/ i5-7200U','/may-tinh-xach-tay/dell-vostro-v5568-i5-7200u','//cdn.fptshop.com.vn/Uploads/Mediums/2017/7/14/636356280799037789_Dell-Vostro-V5568.png','17.990.000đ','15.6 inchHD LED','Intel Core i5 2.50 GHz','4 GB DDR4 2133 MHz','NVIDIA Geforce 940MX (2G) 2 GB','Windows 10','1.98Kg'),(76,'Dell N5370A','/may-tinh-xach-tay/Dell-N5370A','//cdn.fptshop.com.vn/Uploads/Mediums/2017/11/22/636469427023883673_Dell-Ins-N7370.png','18.790.000đ','13.3 inch Full HD Anti-glare LED','Intel Core i5-8250U','4 GB DDR4 2400 MHz','Intel(R) UHD Graphics 620','Windows 10','1.41 Kg'),(77,'Asus TUF FX504GE-E4059T','/may-tinh-xach-tay/Asus-TUF-FX504GE-E4059T','//cdn.fptshop.com.vn/Uploads/Mediums/2018/4/17/636595538963218134_ASUS-TUF-FX504.png','25.990.000đ','15.6 inchs','Intel','8 GB DDR4','NVIDIA GeForce GTX 1050Ti 4 GB','Windows 10 Home SL','2.3 Kg'),(78,'ASUS Vivobook S15 S510UQ-BQ483T','/may-tinh-xach-tay/ASUS-Vivobook-S15-S510UQ-BQ483T','//cdn.fptshop.com.vn/Uploads/Mediums/2017/11/21/636468774719413332_S15-S510UQ.png','20.390.000đ','15.6 inch Full HD NanoEdge','Intel Core i7-8550U','8 GB DDR4 2133 MHz','NVIDIA Geforce 940MX 2 GB','Windows 10 (64bit)','1.70 Kg'),(79,'MSI GF62 7RE-1818XVN','/may-tinh-xach-tay/msi-gf62-7re-1818xvn','//cdn.fptshop.com.vn/Uploads/Mediums/2017/8/29/636396128765331623_MSI-GF62-7RE-1818XVN.png','25.790.000đ','15.6 inchWide-View','Intel Core i7 2.80 GHz','8 GB DDR4 2400MHz','NVIDIA Geforce GTX 1050Ti 4 GB','Free DOS','2.2 Kg'),(80,'Asus TUF FX504GD-E4571T/i5-8300H','/may-tinh-xach-tay/Asus-TUF-FX504GD-E4571Ti5-8300H','//cdn.fptshop.com.vn/Uploads/Mediums/2018/4/17/636595538963218134_ASUS-TUF-FX504.png','20.990.000đ','15.6 inchs','Intel','8 GB DDR4','NVIDIA Geforce GTX 1050 4 GB','Windows 10 64Bit','2.2 Kg'),(81,'MSI GL62M 7RDX-1816XVN','/may-tinh-xach-tay/msi-gl62m-7rdx-1816xvn','//cdn.fptshop.com.vn/Uploads/Mediums/2017/10/25/636445183677119112_1o.png','23.490.000đ','15.6 inchWide-View','Intel Core i7 2.80 GHz','8 GB DDR4 2400MHz','NVIDIA Geforce GTX 1050 4 GB','Free DOS','2.2 Kg'),(82,'Acer Nitro 5 AN515-51-79WJ','/may-tinh-xach-tay/Acer-Nitro-5-AN515-51-79WJ','//cdn.fptshop.com.vn/Uploads/Mediums/2017/8/22/636390134366564000_1o.jpg','24.990.000đ','15.6 inch FHD LED-backlit TFT LCD','Intel Core i7-7700HQ','8 GB DDR4 2133MHz','NVIDIA GeForce GTX 1050Ti 4GB','LINUX (Endless OS)','2.42 Kg'),(83,'Dell XPS15/i7-8750H','/may-tinh-xach-tay/dell-xps15-i7-8750h','//cdn.fptshop.com.vn/Uploads/Mediums/2018/6/14/636645880857584545_Xps-13.jpg','53.990.000đ','15.6 inchs FullHD Infinity Edge','Intel Core i7-8750H','16 GB DDR4 2666 MHz','NVIDIA GEFORCE GTX 1050 4GB','Windows 10 Home Plus','1.80 Kg'),(84,'Lenovo Y520 15IKBN','/may-tinh-xach-tay/Lenovo-Y520-15IKBN','//cdn.fptshop.com.vn/Uploads/Mediums/2017/7/28/636368358928957123_Lenovo-Legion-Y520.png','25.990.000đ','15.6 inch FHD IPS LED Backlight','Intel Core i7-7700HQ','8 GB DDR4 2400MHz','NVIDIA Geforce GTX 1050 4 GB','Windows 10','2.40 Kg'),(85,'Dell N7567E','/may-tinh-xach-tay/Dell-N7567E','//cdn.fptshop.com.vn/Uploads/Mediums/2017/7/18/636359680843561717_Dell-Ins-N7566A.png','26.990.000đ','15.6 inch','Intel Core i7-7700HQ','8 GB DDR4 2400MHz','NVIDIA Geforce GTX 1050Ti 4 GB','Ubuntu','2.62 Kg'),(86,'ASUS ROG FX503VD-E4119T/i7-7700HQ','/may-tinh-xach-tay/asus-rog-fx503vd-e4119ti7-7700hq','//cdn.fptshop.com.vn/Uploads/Mediums/2017/10/27/636446917184819078_FX503VD-E4082T.png','24.490.000đ','15.6 inch Full HD','Intel Core i7-7700HQ','8 GB DDR4 2400MHz','NVIDIA Geforce GTX 1050 4 GB','Window 10 Home 64 SL','2.57 Kg'),(87,'Asus Zephyrus M GM501GM-EI005T/i7-8750H','/may-tinh-xach-tay/Asus-Zephyrus-M-GM501GM-EI005Ti7-8750H','//cdn.fptshop.com.vn/Uploads/Mediums/2018/5/7/636612835322671436_GM501GS-EI004T.png','49.990.000đ','15.6 inchs FHD IPS','Intel Core i7-8750H','16 GB DDR4 2666 MHz','NVIDIA Geforce GTX 1060 6GB DDR5','Windows 10 64Bit','2.20 Kg'),(88,'MSI GL72M 7REX - 1427XVN','/may-tinh-xach-tay/MSI-GL72M-7REX-1427XVN','//cdn.fptshop.com.vn/Uploads/Mediums/2017/12/6/636481635684044432_MSI-GL72M-7REX.png','25.990.000đ','17.3 inch','Intel Core i7 2.8 GHz','8 GB DDR4 2400 MHz','GeForce&reg; GTX 1050 Ti','DOS','2.7 Kg'),(89,'Acer Nitro 5 AN515-51-5531/i5-7300HQ','/may-tinh-xach-tay/Acer-Nitro-5-AN515-51-5531i5-7300HQ','//cdn.fptshop.com.vn/Uploads/Mediums/2017/8/22/636390134366564000_1o.jpg','19.990.000đ','15.6 inch FHD LED-backlit TFT LCD','Intel Core i5-7300HQ','8 GB DDR4 2133MHz','NVIDIA GeForce GTX 1050 4GB','LINUX (Endless OS)','2.2 Kg'),(90,'Acer Predator Helios 300 G3-572-79S6','/may-tinh-xach-tay/Acer-Predator-Helios-300-G3-572-79S6','//cdn.fptshop.com.vn/Uploads/Mediums/2018/4/11/636590525247748732_Acer-Predator-Helios-300.png','31.999.000đ','15.6 inch IPS (In-Plane Switching)','Intel Core i7-7700HQ','8 GB DDR4 2400 MHz','NVIDIA GeForce GTX 1060 6GB','FreeDos','2.57 Kg'),(91,'Lenovo Legion Y520-15IKBN/I5-7300HQ','/may-tinh-xach-tay/lenovo-legion-y520-15ikbni5-7300hq','//cdn.fptshop.com.vn/Uploads/Mediums/2017/7/26/636366654758752779_Lenovo-Legion-Y520.png','20.990.000đ','15.6 inchFHD IPS LED Backlight','Intel Core i5 2.50 GHz','8 GB DDR4 2400MHz','NVIDIA Geforce GTX 1050 4 GB','Free DOS','2.40 Kg'),(92,'Lenovo Y520-15IKBN/i5-7300HQ','/may-tinh-xach-tay/lenovo-y520-15ikbn-i5-7300hq','//cdn.fptshop.com.vn/Uploads/Mediums/2017/7/28/636368358928957123_Lenovo-Legion-Y520.png','20.490.000đ','15.6 inch FHD WLED-backlit','Intel Core i5-7300HQ','8 GB DDR4 2133MHz','NVIDIA Geforce GTX 1050 4 GB','Windows 10 Home 64bit','2.40 Kg'),(93,'Macbook Pro 15 inch Touch Bar 256GB (2017)','/may-tinh-xach-tay/macbook-pro-15-inch-touch-bar-256gb-2017','//cdn.fptshop.com.vn/Uploads/Mediums/2018/4/6/636586203838095069_Macpro-13.png','59.999.000đ','15.4 inch LED-backlit','Intel Core i7 2.8 GHz','16 GB LPDDR3 2133MHz','Radeon Pro 555','Mac Os','1.83 kg'),(94,'Asus Vivobook S15 S510UQ-BQ475T/i5-8250U','/may-tinh-xach-tay/asus-vivobook-s15-s510uq-bq475ti5-8250u','//cdn.fptshop.com.vn/Uploads/Mediums/2017/7/18/636359712332777024_1o.jpg','16.990.000đ','15.6 inchFHD LED Backlight','Intel Core i5-8250U','4 GB DDR4 2400 MHz','NVIDIA GeForce 940MX 2 GB','Win 10','1.60 Kg'),(95,'Dell Vostro V5468A','/may-tinh-xach-tay/dell-vostro-v5468a','//cdn.fptshop.com.vn/Uploads/Mediums/2017/7/14/636356297976279789_Dell-Vostro-V5468A.png','17.190.000đ','14 inchHD LED','Intel Core i5 2.50 GHz','4 GB DDR4 2133 MHz','Nvidia GeForce 940M 2 GB','Window 10','1.7 Kg'),(96,'Macbook Air 13 256GB MQD42SA/A (2017)','/may-tinh-xach-tay/macbook-air-13-256gb-mqd42saa','//cdn.fptshop.com.vn/Uploads/Mediums/2018/5/25/636628462398584103_1o.png','28.999.000đ','13.3 inch LED-backlit','Intel Core i5 1.8 Ghz','8 GB LPDDR3 1600 Mhz','Intel HD Graphics 6000','Mac Os','1.35 Kg'),(97,'Macbook Pro 13 inch Touch Bar 512GB (2017)','/may-tinh-xach-tay/macbook-pro-13-inch-touch-bar-512gb-2017','//cdn.fptshop.com.vn/Uploads/Mediums/2018/4/6/636586203838095069_Macpro-13.png','49.999.000đ','13.3 inch LED-backlit','Intel Core i5 3.1 GHz','8 GB LPDDR3 2133 MHz','Intel Iris Plus Graphics 650','Mac Os','1.37 kg'),(98,'Dell XPS13/i5-8250U','/may-tinh-xach-tay/dell-xps13-i5-8250u','//cdn.fptshop.com.vn/Uploads/Mediums/2018/6/14/636645880857584545_Xps-13.jpg','36.990.000đ','13.3 inchs FullHD Infinity Edge','Intel Core i5-8250U','8 GB DDR4 2400 MHz','Intel&reg; UHD Graphics 620','Windows 10 Home','1.23 Kg'),(99,'Macbook Pro 13 inch 128GB (2017)','/may-tinh-xach-tay/macbook-pro-13-inch-128gb-2017','//cdn.fptshop.com.vn/Uploads/Mediums/2018/4/6/636586199147631759_Macpro-13.png','33.999.000đ','13.3 inch LED-backlit','Intel Core i5 2.3 GHz','8 GB LPDDR3 2133MHz','Intel Iris Plus Graphics 640','Mac Os','1.37 kg'),(100,'Macbook 12 512GB (2017)','/may-tinh-xach-tay/macbook-12-512gb','//cdn.fptshop.com.vn/Uploads/Mediums/2017/7/12/636354508550107610_1o.jpg','39.999.000đ','12 inch LED-backlit','Intel Core i5 1.33 Ghz','8 GB LPDDR3 1866 MHz','Intel HD Graphics 615','Mac Os','0.92 kg'),(101,'Macbook Pro 13 inch Touch Bar 256GB (2017)','/may-tinh-xach-tay/macbook-pro-13-inch-touch-bar-256gb-2017','//cdn.fptshop.com.vn/Uploads/Mediums/2018/4/6/636586203838095069_Macpro-13.png','44.999.000đ','13.3 inch LED-backlit','Intel Core i5 3.1 GHz','8 GB LPDDR3 2133 MHz','Intel Iris Plus Graphics 650','Mac Os','1.37 kg'),(102,'Macbook 12 256GB (2017)','/may-tinh-xach-tay/macbook-12-256gb','//cdn.fptshop.com.vn/Uploads/Mediums/2017/7/12/636354508550107610_1o.jpg','33.999.000đ','12 inch LED-backlit','Intel Core M3 1.2 GHz','8 GB LPDDR3 1866 MHz','Intel HD Graphics 615','Mac Os','0.92 kg'),(103,'Dell Ins N7370/i5-8250U','/may-tinh-xach-tay/dell-ins-n7370i5-8250u','//cdn.fptshop.com.vn/Uploads/Mediums/2017/11/22/636469427023883673_Dell-Ins-N7370.png','24.990.000đ','13.3 inch IPS Truelife LED-Backlit Narrow','Intel Core i5-8250U','8 GB DDR4 2400 MHz','Intel(R) UHD Graphics 620','Windows 10 Home-HE (64bit) Single Language English','1.50 Kg'),(104,'Macbook Pro 13 inch 256GB (2017)','/may-tinh-xach-tay/macbook-pro-13-inch-256gb-2017','//cdn.fptshop.com.vn/Uploads/Mediums/2018/4/6/636586203838095069_Macpro-13.png','38.999.000đ','13.3 inch LED-backlit','Intel Core i5 2.3 GHz','8 GB LPDDR3 2133 MHz','Intel Iris Plus Graphics 640','Mac Os','1.37 kg'),(105,'HP Envy 13-ad140TU/Core i7-8550U','/may-tinh-xach-tay/HP-Envy-13-ad140TU-Core-i7-8550U','//cdn.fptshop.com.vn/Uploads/Mediums/2017/8/16/636384743489659561_HP-Envy-13-ad076TU.png','25.990.000đ','13.3 inch FHD IPS BrightView','Intel Core i7-8550U','8 GB LPDDR3 1866 MHz','Intel HD Graphics 620 Share','Windows 10 Home Single Language 64-Bit','1.23Kg'),(106,'Dell XPS 13 9365','/may-tinh-xach-tay/dell-xps-13-9365','//cdn.fptshop.com.vn/Uploads/Mediums/2017/7/19/636360538776561945_Dell-XPS-13.png','54.990.000đ','13.3 inch InfinityEdge touch display','Intel Core i7 2 x 1.30 GHz','16 GB LPDDR3 1866 MHz','Intel HD Graphics 615 Share','Windows 10 Home Single Language 64-BIT','1.24 Kg'),(107,'Lenovo Legion Y720-15IKB','/may-tinh-xach-tay/lenovo-legion-y720-15ikb','//cdn.fptshop.com.vn/Uploads/Mediums/2017/7/26/636366761350008150_Lenovo-Legion-Y720-15IKB.png','đ','15.6 inchIPS Anti-Glare','Intel Core i7 2.80 GHz','16 GB DDR4 2400MHz','NVIDIA GeForce GTX 1060 6 GB','Windows 10 Home 64bit','3.2 Kg'),(108,'Macbook Pro 15 inch Touch Bar 512GB (2017)','/may-tinh-xach-tay/macbook-pro-15-inch-touch-bar-512gb-2017','//cdn.fptshop.com.vn/Uploads/Mediums/2018/4/6/636586203838095069_Macpro-13.png','69.999.000đ','15.4 inch LED-backlit','Intel Core i7 2.9 GHz','16 GB LPDDR3 2133 MHz','Radeon Pro 560','Mac Os','1.83 kg'),(109,'Dell Inspiron N7570','/may-tinh-xach-tay/Dell-Inspiron-N7570','//cdn.fptshop.com.vn/Uploads/Mediums/2018/1/22/636522285018621133_Dell-N7570.png','22.990.000đ','15.6 inch FHD WLED','Intel Core i5-8250U','4 GB DDR4 2400 MHz','NVIDIA GeForce 940MX 4 GB','Windows 10 Home 64-Bit','2.33 Kg'),(110,'Asus VIVOBOOK S15 S510UA-BQ414T','/may-tinh-xach-tay/asus-vivobook-s15-s510ua-bq414t','//cdn.fptshop.com.vn/Uploads/Mediums/2017/10/26/636446124445950926_Asus-Vivobook-S15-S510UA-BQ111T.png','16.190.000đ','15.6 inchFHD Anti-Glare','Intel Core i5-8250U','4 GB DDR4 2133 MHz','Intel HD Graphics 620 Share','Window 10','1.70 kg'),(111,'HP Pavilion 14-bf116TU','/may-tinh-xach-tay/HP-Pavilion-14-bf116TU','//cdn.fptshop.com.vn/Uploads/Mediums/2017/11/30/636476827807250356_636390745568991911_HASP-HP-PAVILION-14-BG018TU-AVATAR 640 (1).jpeg','14.990.000đ','14 inch FHD IPS BrightView micro-edge','Intel Core i5-8250U','4 GB DDR4 2400 MHz','Intel&reg; UHD Graphics 620','Windows 10 Home','1.54 Kg'),(112,'HP Pavilion 15-cc157TX','/may-tinh-xach-tay/HP-Pavilion-15-cc157TX','//cdn.fptshop.com.vn/Uploads/Mediums/2017/8/14/636383166870981625_HP-Pavilion-15-cc045TX.png','15.490.000đ','15.6 inch','Intel Core i5-8250U','4GB DDR4 2133 MHz','NVIDIA Geforce 940MX 2GB','Windows 10 Home SL','2.16 Kg'),(113,'Asus Vivobook S14 S410UA-EB220T','/may-tinh-xach-tay/asus-vivobook-s14-s410ua-eb220t','//cdn.fptshop.com.vn/Uploads/Mediums/2017/11/13/636461777758940643_Asus-Vivobook-S14-S410UA-EB220T.png','19.490.000đ','14 inch Full HD Wide View','Intel Core i7-8550U','4 GB DDR4','Intel UHD Graphics 620','Windows 10 (64bit)','1.43 kg'),(114,'Asus TP410UA-EC250T','/may-tinh-xach-tay/asus-tp410ua-ec250t','//cdn.fptshop.com.vn/Uploads/Mediums/2017/11/14/636462723264755496_Asus-TP410UA.png','13.190.000đ','14.0 inch Full HDGlare + TouchScreen','Intel i3-7100U','4 GB DDR4 2133','Intel HD Graphics 620','Windows 10 Home','1.6 Kg'),(115,'Asus Vivobook S14 S410UA-EB633T','/may-tinh-xach-tay/Asus-Vivobook-S14-S410UA-EB633T','//cdn.fptshop.com.vn/Uploads/Mediums/2017/11/13/636461777758940643_Asus-Vivobook-S14-S410UA-EB220T.png','12.990.000đ','14 inch Full HD LED Backlight','Intel Core i3-8130U','4 GB DDR4 2400 MHz','Intel UHD Graphics 620','Windows 10 Home Single Language','1.30 kg'),(116,'Asus X541UA-XX272T/Core i3 6100U','/may-tinh-xach-tay/Asus-X541UA-XX272TCore-i3-6100U','//cdn.fptshop.com.vn/Uploads/Mediums/2018/1/29/636528302863568598_Asus-X541UA-XX272T.png','9.990.000đ','15.6 inch LED Backlight','Intel Core i3-6100U','4 GB DDR4 2133 MHz','Intel&reg; HD Graphics 520','Windows 10 Home','2.0 Kg'),(117,'Asus Vivobook X411UA-BV221T','/may-tinh-xach-tay/Asus-Vivobook-X411UA-BV221T','//cdn.fptshop.com.vn/Uploads/Mediums/2018/4/4/636584485424670051_X411UA-BV221T.png','10.990.000đ','14 inchHD LED backlight','Intel Core i3-7100U','4 GB DDR4','Intel HD Graphics Share','Windows 10','1.43 Kg'),(118,'Acer A315-51-37B9/Core i3-7100U','/may-tinh-xach-tay/acer-a315-51-37b9core-i3-7100u','//cdn.fptshop.com.vn/Uploads/Mediums/2017/7/20/636361452104702609_Acer-A315-51-37B9.png','8.999.000đ','15.6 inchHD Led Backlit','Intel Core i3 2.40 GHz','4 GB DDR4 2400MHz','Intel HD Graphics Share','Free DOS','2.1 Kg'),(119,'Dell N3567G','/may-tinh-xach-tay/Dell-N3567G','//cdn.fptshop.com.vn/Uploads/Mediums/2018/5/22/636625867372758513_Dell-N3567.png','10.690.000đ','15.6 inch HD WLED True-Life','Intel Core i3-7100U','4 GB DDR4 2400 MHz','Intel HD Graphics 620','Ubuntu','2.20 Kg'),(120,'Dell Vostro 5471','/may-tinh-xach-tay/Dell-Vostro-5471','//cdn.fptshop.com.vn/Uploads/Mediums/2018/2/1/636530775208517587_Dell-Vostro-5471.png','17.490.000đ','14.0 inchs  Anti-Glare LED-Backlit Display','Intel Core i5-8250U','4 GB DDR4 2400 MHz','Intel(R) UHD Graphics 620','Windows 10 Home Single Language English','1.669 Kg'),(121,'Dell Vostro 3568','/may-tinh-xach-tay/Dell-Vostro-3568','//cdn.fptshop.com.vn/Uploads/Mediums/2017/7/14/636356276772677789_Dell-V3568.png','10.890.000đ','15.6 inchs','Intel Core i3-6006U','4 GB DDR4 2400 MHz','Graphics 520','Free Dos','2.30 Kg'),(122,'Dell Inspiron 5570','/may-tinh-xach-tay/Dell-Inspiron-5570','//cdn.fptshop.com.vn/Uploads/Mediums/2018/1/22/636522270202372028_Dell-N5570.png','17.990.000đ','15.6 inch FHD WLED','Intel Core i5-8250U','4 GB DDR4 2400 MHz','AMD Radeon(R) 530 2 GB','Windows 10 Home 64-Bit','2.33 Kg'),(123,'Dell Vostro V5568/i5-7200U/Windows','/may-tinh-xach-tay/Dell-Vostro-V5568-i5-7200U-Windows','//cdn.fptshop.com.vn/Uploads/Mediums/2017/7/13/636355546793063031_Dell-Vostro-V5568-i5-7200U-Win10.png','16.190.000đ','15.6 inch HD Led Backlit','Intel Core i5-7200U','4 GB DDR4 2400 MHz','Intel(R) HD 620 Graphics','Windows 10 Home (64 Bit)','2.0 Kg'),(124,'Dell Ins N3567','/may-tinh-xach-tay/dell-n3567','//cdn.fptshop.com.vn/Uploads/Mediums/2018/5/22/636625867372758513_Dell-N3567.png','10.990.000đ','15.6 inchHD LED','Intel Core i3 2.0 GHz','4 GB DDR3L 1600 Mhz','AMD R5 430 DDR3 2 GB','Free DOS','2.3 Kg'),(125,'Dell Ins N3467','/may-tinh-xach-tay/Dell-Ins-N3467','//cdn.fptshop.com.vn/Uploads/Mediums/2017/7/11/636353799605113642_Dell-N3467.png','10.590.000đ','14 inch A','Intel','4 GB DDR4 2400 MHz','Intel HD Graphics 620','Ubuntu','1.81 Kg'),(126,'HP Pavilion X360 11-ad032TU','/may-tinh-xach-tay/HP-Pavilion-X360-11-ad032TU','//cdn.fptshop.com.vn/Uploads/Mediums/2017/8/21/636389290028082271_1o.jpg','12.690.000đ','11.6 inch HD','Intel Core i3-7100U','4 GB DDR4 2133 MHz','Intel HD Graphics 620 Share','Windows 10 Home Single Language 64','1.3 Kg'),(127,'HP Envy 13-ah0025TU/Core i5-8250U','/may-tinh-xach-tay/HP-Envy-13-ah0025TUCore-i5-8250U','//cdn.fptshop.com.vn/Uploads/Mediums/2017/8/16/636384743489659561_HP-Envy-13-ad076TU.png','20.990.000đ','13.3 inchs FHD IPS BrightView micro-edge','Intel Core i5-8250U','8 GBLPDDR3 2400 MHz','Intel&reg; UHD Graphics 620','Windows 10 Home','1.22 Kg'),(128,'HP Pavilion 14-ce0024TU','/may-tinh-xach-tay/HP-Pavilion-14-ce0024TU','//cdn.fptshop.com.vn/Uploads/Mediums/2017/8/8/636378051749718059_HP-Pavilion-14-bf014TU.png','14.990.000đ','14.0 inchs IPS BrightView','Intel Core i5-8250U','4 GB DDR4 2400 MHz','Intel&reg; UHD Graphics 620','Windows 10 Home Single Language 64','1.59 Kg'),(129,'HP ENVY 13-ad159TU','/may-tinh-xach-tay/HP-ENVY-13-ad159TU','//cdn.fptshop.com.vn/Uploads/Mediums/2017/8/16/636384743489659561_HP-Envy-13-ad076TU.png','20.990.000đ','13.3 inchs FHD IPS BrightView micro-edge','Intel Core i5-8250U','4 GBLPDDR3 1866 MHz','Intel UHD Graphics 620','Windows 10 Home 64','1.23 Kg'),(130,'HP Pavilion 14-bf034TU','/may-tinh-xach-tay/HP-Pavilion-14-bf034TU','//cdn.fptshop.com.vn/Uploads/Mediums/2018/5/11/636616281674637270_HP-Pavilion-14-bf034TU.png','12.990.000đ','14.0 inch FHD','Intel','4 GB DDR4 2133 MHz','Intel&reg; HD Graphics 620','Windows 10 Home Single Language 64','1.54 Kg'),(131,'HP Pavilion 14-ce0027TU','/may-tinh-xach-tay/hp-pavilion-14-ce0027tu','//cdn.fptshop.com.vn/Uploads/Mediums/2017/8/8/636378051749718059_HP-Pavilion-14-bf014TU.png','12.590.000đ','14.0 inchs WLED LED Backlit','Intel Core i3-8130U','4 GB DDR4 2133 MHz','Intel&reg; UHD Graphics 620','Windows 10 Home SL','1.53 Kg'),(132,'MSI GV62 8RC-063VN/i5-8300H','/may-tinh-xach-tay/MSI-GV62-8RC-063VNi5-8300H','//cdn.fptshop.com.vn/Uploads/Mediums/2018/4/20/636598149808497666_MSI-GV62-8RC-063VN.png','21.490.000đ','15.6 inchs Wideview 94%NTSC color Anti-glare','Intel Core i5-8300H','8 GB DDR4 2400MHz','Nvidia GeForce GTX 1050','Windows 10 Home','2.2 Kg'),(133,'MSI GL62M 7RDX-1817XVN','/may-tinh-xach-tay/msi-gl62m-7rdx-1817xvn','//cdn.fptshop.com.vn/Uploads/Mediums/2017/8/7/636376966780416063_MSI-GL62M-7RDX-1817XVN-1.png','19.990.000đ','15.6 inchWide-View','Intel Core i5 2.50 GHz','8 GB DDR4 2133 MHz','NVIDIA Geforce GTX 1050 2 GB','Free DOS','2.2 Kg'),(134,'MSI GL62M 7RDX – 1036XVN','/may-tinh-xach-tay/msi-gl62m-7rdx-1036xvn','//cdn.fptshop.com.vn/Uploads/Mediums/2017/7/20/636361595350484000_MSI-GL62M-7RDX-–-1036XVN.png','18.990.000đ','15.6 inchWide-View','Intel Core i5 2.50 GHz','4 GB DDR4 2133 MHz','NVIDIA Geforce GTX 1050 2 GB','Free DOS','2.2 Kg'),(135,'Asus X441UA-WX027T','/may-tinh-xach-tay/asus-x441ua-wx027t','//cdn.fptshop.com.vn/Uploads/Mediums/2017/7/13/636355579654361679_1o.jpg','9.690.000đ','14.0 inch HD-Glare','Intel Core i3-6100U','4 GB DDR4 2133 MHz','Intel HD Graphics 520 Share','Window 10','1.75 kg'),(136,'HP Pavilion X360 11-ad104TU','/may-tinh-xach-tay/hp-pavilion-x360-11-ad104tu','//cdn.fptshop.com.vn/Uploads/Mediums/2017/8/21/636389290028082271_1o.jpg','13.490.000đ','11.6 inch HD','Intel Core i3-8130U','4 GB DDR4 2133 MHz','Intel&reg; HD Graphics 620','Windows 10 Home SL','1.4 Kg'),(137,'HP Pavilion 15-cc043TU','/may-tinh-xach-tay/HP-Pavilion-15-cc043TU','//cdn.fptshop.com.vn/Uploads/Mediums/2017/8/14/636383166870981625_HP-Pavilion-15-cc045TX.png','11.990.000đ','15.6 inch','Intel Core i3-7100U','4GB DDR4','NIntel UHD Graphics 620','Windows 10 Home Single Language','2.10 Kg'),(138,'HP Envy 13-ah0027TU/Core i7-8550U','/may-tinh-xach-tay/HP-Envy-13-ah0027TUCore-i7-8550U','//cdn.fptshop.com.vn/Uploads/Mediums/2017/8/16/636384743489659561_HP-Envy-13-ad076TU.png','26.990.000đ','13.3 inchs FHD IPS BrightView micro-edge','Intel Core i7-8550U','8 GBLPDDR3 2400 MHz','Intel&reg; UHD Graphics 620','Windows 10 Home','1.22 Kg');
/*!40000 ALTER TABLE `tbl_gear` ENABLE KEYS */;
UNLOCK TABLES;

--
-- Table structure for table `tbl_gear_category`
--

DROP TABLE IF EXISTS `tbl_gear_category`;
/*!40101 SET @saved_cs_client     = @@character_set_client */;
/*!40101 SET character_set_client = utf8 */;
CREATE TABLE `tbl_gear_category` (
  `id` int(11) NOT NULL AUTO_INCREMENT,
  `name` varchar(155) DEFAULT NULL,
  `href` varchar(255) DEFAULT NULL,
  PRIMARY KEY (`id`)
) ENGINE=InnoDB AUTO_INCREMENT=22 DEFAULT CHARSET=utf8;
/*!40101 SET character_set_client = @saved_cs_client */;

--
-- Dumping data for table `tbl_gear_category`
--

LOCK TABLES `tbl_gear_category` WRITE;
/*!40000 ALTER TABLE `tbl_gear_category` DISABLE KEYS */;
INSERT INTO `tbl_gear_category` VALUES (1,'Dưới 5 triệu','/may-tinh-xach-tay/duoi-5-trieu'),(2,'Từ 5tr - 10tr','/may-tinh-xach-tay/tu-5-10-trieu'),(3,'Từ 10tr - 15tr','/may-tinh-xach-tay/tu-10-15-trieu'),(4,'Từ 15tr - 20tr','/may-tinh-xach-tay/tu-15-20-trieu'),(5,'Từ 20tr - 25tr','/may-tinh-xach-tay/tu-20-25-trieu'),(6,'Từ 25tr - 30tr','/may-tinh-xach-tay/tu-25-30-trieu'),(7,'Sản phẩm 2 trong 1','/may-tinh-xach-tay/san-pham-2-trong-1'),(8,'Chọn bởi FPT Shop','/may-tinh-xach-tay/chon-boi-fpt-shop'),(9,'Sinh viên - Văn phòng','/may-tinh-xach-tay/sinh-vien-van-phong'),(10,'Gaming - Đồ họa','/may-tinh-xach-tay/gaming-do-hoa'),(11,'Doanh nhân','/may-tinh-xach-tay/doanh-nhan'),(12,'Ram khủng','/may-tinh-xach-tay/ram-khung'),(13,'Windows','/may-tinh-xach-tay/windows'),(14,'Apple (Macbook)','/may-tinh-xach-tay/apple-macbook'),(15,'Asus','/may-tinh-xach-tay/asus'),(16,'Acer','/may-tinh-xach-tay/acer'),(17,'Dell','/may-tinh-xach-tay/dell'),(18,'HP','/may-tinh-xach-tay/hp'),(19,'Lenovo','/may-tinh-xach-tay/lenovo'),(20,'MSI','/may-tinh-xach-tay/msi'),(21,'Masstel','/may-tinh-xach-tay/masstel');
/*!40000 ALTER TABLE `tbl_gear_category` ENABLE KEYS */;
UNLOCK TABLES;

--
-- Table structure for table `tbl_gear_has_tbl_gear_category`
--

DROP TABLE IF EXISTS `tbl_gear_has_tbl_gear_category`;
/*!40101 SET @saved_cs_client     = @@character_set_client */;
/*!40101 SET character_set_client = utf8 */;
CREATE TABLE `tbl_gear_has_tbl_gear_category` (
  `tbl_gear_id` int(11) NOT NULL,
  `tbl_gear_category_id` int(11) NOT NULL,
  PRIMARY KEY (`tbl_gear_id`,`tbl_gear_category_id`),
  KEY `fk_tbl_gear_has_tbl_gear_category_tbl_gear_category1_idx` (`tbl_gear_category_id`),
  KEY `fk_tbl_gear_has_tbl_gear_category_tbl_gear1_idx` (`tbl_gear_id`),
  CONSTRAINT `fk_tbl_gear_has_tbl_gear_category_tbl_gear1` FOREIGN KEY (`tbl_gear_id`) REFERENCES `tbl_gear` (`id`) ON DELETE NO ACTION ON UPDATE NO ACTION,
  CONSTRAINT `fk_tbl_gear_has_tbl_gear_category_tbl_gear_category1` FOREIGN KEY (`tbl_gear_category_id`) REFERENCES `tbl_gear_category` (`id`) ON DELETE NO ACTION ON UPDATE NO ACTION
) ENGINE=InnoDB DEFAULT CHARSET=utf8;
/*!40101 SET character_set_client = @saved_cs_client */;

--
-- Dumping data for table `tbl_gear_has_tbl_gear_category`
--

LOCK TABLES `tbl_gear_has_tbl_gear_category` WRITE;
/*!40000 ALTER TABLE `tbl_gear_has_tbl_gear_category` DISABLE KEYS */;
INSERT INTO `tbl_gear_has_tbl_gear_category` VALUES (21,1),(22,1),(2,2),(14,2),(18,2),(23,2),(24,2),(25,2),(26,2),(27,2),(28,2),(29,2),(30,2),(31,2),(32,2),(33,2),(34,2),(35,2),(36,2),(37,2),(38,2),(39,2),(4,3),(10,3),(12,3),(13,3),(16,3),(40,3),(41,3),(42,3),(43,3),(44,3),(45,3),(46,3),(47,3),(48,3),(49,3),(50,3),(51,3),(52,3),(53,3),(54,3),(8,7),(50,7),(55,7),(56,7),(57,7),(58,7),(59,7),(60,7),(61,7),(1,8),(4,8),(11,8),(13,8),(14,8),(21,8),(23,8),(33,8),(35,8),(42,8),(46,8),(62,8),(63,8),(64,8),(77,8),(115,8),(117,8),(124,8),(128,8),(135,8),(1,9),(4,9),(10,9),(11,9),(13,9),(14,9),(15,9),(16,9),(18,9),(19,9),(44,9),(51,9),(63,9),(70,9),(71,9),(72,9),(73,9),(74,9),(75,9),(76,9),(3,10),(62,10),(65,10),(67,10),(77,10),(78,10),(79,10),(80,10),(81,10),(83,10),(84,10),(85,10),(86,10),(87,10),(88,10),(89,10),(90,10),(91,10),(92,10),(132,10),(15,11),(62,11),(66,11),(71,11),(75,11),(83,11),(93,11),(94,11),(95,11),(96,11),(97,11),(98,11),(99,11),(100,11),(101,11),(102,11),(103,11),(104,11),(105,11),(106,11),(67,12),(87,12),(93,12),(106,12),(107,12),(108,12),(1,13),(12,13),(29,13),(31,13),(38,13),(48,13),(49,13),(56,13),(62,13),(68,13),(77,13),(78,13),(80,13),(94,13),(95,13),(98,13),(109,13),(110,13),(111,13),(112,13),(15,14),(93,14),(96,14),(97,14),(99,14),(100,14),(101,14),(102,14),(104,14),(108,14),(1,15),(3,15),(12,15),(25,15),(31,15),(34,15),(40,15),(49,15),(70,15),(77,15),(78,15),(80,15),(86,15),(94,15),(110,15),(113,15),(114,15),(115,15),(116,15),(117,15),(23,16),(30,16),(32,16),(35,16),(36,16),(51,16),(53,16),(66,16),(82,16),(89,16),(90,16),(118,16),(4,17),(13,17),(19,17),(42,17),(43,17),(62,17),(63,17),(75,17),(76,17),(83,17),(85,17),(95,17),(109,17),(119,17),(120,17),(121,17),(122,17),(123,17),(124,17),(125,17),(10,18),(11,18),(14,18),(16,18),(18,18),(26,18),(38,18),(39,18),(47,18),(50,18),(64,18),(68,18),(111,18),(112,18),(126,18),(129,18),(130,18),(136,18),(137,18),(138,18),(79,20),(81,20),(88,20),(132,20),(133,20),(134,20),(21,21),(28,21),(37,21);
/*!40000 ALTER TABLE `tbl_gear_has_tbl_gear_category` ENABLE KEYS */;
UNLOCK TABLES;

--
-- Table structure for table `tbl_role`
--

DROP TABLE IF EXISTS `tbl_role`;
/*!40101 SET @saved_cs_client     = @@character_set_client */;
/*!40101 SET character_set_client = utf8 */;
CREATE TABLE `tbl_role` (
  `id` int(11) NOT NULL AUTO_INCREMENT,
  `name` varchar(55) DEFAULT NULL,
  `description` varchar(255) DEFAULT NULL,
  `tbl_rolecol` varchar(45) DEFAULT NULL,
  PRIMARY KEY (`id`)
) ENGINE=InnoDB DEFAULT CHARSET=utf8;
/*!40101 SET character_set_client = @saved_cs_client */;

--
-- Dumping data for table `tbl_role`
--

LOCK TABLES `tbl_role` WRITE;
/*!40000 ALTER TABLE `tbl_role` DISABLE KEYS */;
/*!40000 ALTER TABLE `tbl_role` ENABLE KEYS */;
UNLOCK TABLES;

--
-- Table structure for table `tbl_spec`
--

DROP TABLE IF EXISTS `tbl_spec`;
/*!40101 SET @saved_cs_client     = @@character_set_client */;
/*!40101 SET character_set_client = utf8 */;
CREATE TABLE `tbl_spec` (
  `id` int(11) NOT NULL AUTO_INCREMENT,
  `tbl_game_id` int(11) NOT NULL,
  `is_minimum` bit(1) NOT NULL DEFAULT b'1',
  `os` varchar(255) DEFAULT NULL,
  `processor` varchar(255) DEFAULT NULL,
  `memory` varchar(255) DEFAULT NULL,
  `graphic` varchar(255) DEFAULT NULL,
  PRIMARY KEY (`id`),
  KEY `fk_tbl_spec_tbl_game1_idx` (`tbl_game_id`),
  CONSTRAINT `fk_tbl_spec_tbl_game1` FOREIGN KEY (`tbl_game_id`) REFERENCES `tbl_game` (`id`) ON DELETE NO ACTION ON UPDATE NO ACTION
) ENGINE=InnoDB AUTO_INCREMENT=710 DEFAULT CHARSET=utf8;
/*!40101 SET character_set_client = @saved_cs_client */;

--
-- Dumping data for table `tbl_spec`
--

LOCK TABLES `tbl_spec` WRITE;
/*!40000 ALTER TABLE `tbl_spec` DISABLE KEYS */;
INSERT INTO `tbl_spec` VALUES (58,879670,'','Windows 7/8/10 - 64bits','2 GHz Intel Pentium 4 or AMD Athlon or equivalent','2 GB RAM','Intel HD graphique'),(59,876480,'','Windows 7/8/10 (32-bit or 64-bit)','1.0 GHz','2 GB RAM','512 MB VRAM'),(60,878410,'','Windows 7 and newer','2.0 GHz Dual Core','2 GB RAM','NVIDIA Geforce GTS 450 or AMD Radeon HD 6750'),(61,772230,'','Windows 7/10','Dual-Core Intel or AMD processor','2 GB RAM','NVIDIA GeForce 650 GTX / AMD Radeon 7850 HD series card'),(62,868440,'','Windows Vista 7 8 10','SSE2 instruction set support','1 GB RAM','Graphics card with DX10 (shader model 4.0) capabilities'),(63,824070,'','Windows 7','Intel i5 Processor or faster','2 GB RAM','2GB DirectX 10.1 Compatible Graphics Card'),(64,824070,'\0','Windows 10','Intel i7 Processor','4 GB RAM','2GB DirectX 10.1 Compatible Graphics Card'),(65,676180,'','OS: Windows XP SP2+','SSE2 instruction set support','512 MB RAM','DX9 (shader model 3.0) or DX11 with feature level 9.3 capabilities'),(66,876900,'','Windows 7 Windows 8 Windows 10','x64 Dual Core CPU 2+GHz','4 GB RAM','NVIDIA GeForce GTX 660 Ti / ATI Radeon HD 7870'),(67,876900,'\0','Windows 7 Windows 8 Windows 10','x64 Quad Core CPU 3+GHz','8 GB RAM','NVIDIA GeForce GTX 760 / ATI Radeon HD 7970'),(68,854670,'','Windows 7 or later','Intel Core i3 or AMD FX','4 GB RAM','Intel HD Graphics 4000 or Opengl 2.0 supported graphics card'),(69,838160,'','64-bit Windows 10','Intel i5-2500k 3.3GHz','6 GB RAM','GeForce GTX 780'),(70,838160,'\0','64-bit Windows 10','Intel i7-7700k 4.0GHz','8 GB RAM','GeForce GTX 1080'),(71,873230,'','Windows 7 and higher','Intel Core 2 Duo or better','2 GB RAM','Integrated graphics or DirectX 9/OpenGL 4.1 capable GPU'),(72,818610,'','Windows 7/8/10 (32bit/64bit)','Intel Core 2 Duo or better','4 GB RAM','DirectX 9/OpenGL 4.1 capable GPU'),(73,873310,'','Windows XP and up','1 Ghz','512 MB RAM','256 MB'),(74,875630,'','Microsoft® Windows® XP/Vista/7/8/8.1/10','Pentium® 4 1.5 GHz / Athlon® XP','512 MB RAM','DirectX® 9.0c compatible'),(75,852790,'','Windows XP/Vista/Windows 7/8/8.1/10 (32bit/64bit)','1.6 GHz','1 GB RAM',NULL),(76,852790,'\0','Windows XP/Vista/Windows 7/8/8.1/10','1.6 GHz','2 GB RAM',NULL),(77,851670,'','Windows 7/8/10 (64-bit)','Intel Core i3 3220','4 GB RAM','NVIDIA GeForce GT630 equivalent or greater'),(78,851670,'\0','Windows 7/8/10 (64-bit)','Intel Core i5 3450','8 GB RAM','NVIDIA GeForce GTX 750 equivalent or greater'),(79,877780,'','Windows XP and newer','Athlon 2 X3 450','1024 MB RAM','GeForce EN9600 GT'),(80,865540,'','Windows 7 64-bit 8.1 64-bit or Windows 10 64-bit','Intel core i3-2100T @ 2.5GHz/AMD FX 6100 or better','8 GB RAM','NVIDIA GeForce GTX 650Ti 2GB AMD Radeon HD 7750 2GB'),(81,865540,'\0','Windows 7 64-bit 8.1 64-bit or Windows 10 64-bit','Intel Core i5 3570K; AMD Ryzen 3 1300x or equivalent','16 GB RAM','Nvidia GTX 960; AMD R9 290 or equivalent'),(82,880550,'','Windows XP\\Vista\\7\\8\\10','1.2 Ghz+','512 MB RAM','Compatible with DirectX 9'),(83,595110,'','Windows 7','2.0 GHz Dual Core Processor','2 GB RAM','GeForce GTX 550 or better'),(84,595110,'\0','Windows 7/8','3.2 GHz Processor','4 GB RAM','GeForce GTX 960 or better'),(85,766570,'','Windows 7/8/10 64-bit','Intel® i3 2.5Ghz','4 GB RAM','GTX 500 series'),(86,766570,'\0','Windows 7/8/10 64-bit','Intel® i5 3Ghz','8 GB RAM','GTX770'),(87,863420,'','Windows Vista/7/8/10','2.2 GHz or higher','2 GB RAM','512 MB Hardware Accelerated Graphics WebGL support'),(88,863420,'\0','Windows Vista/7/8/10','Intel Core i5 or higher','4 GB RAM','1 GB Hardware Accelerated Graphics WebGL support'),(89,718790,'','Windows 7 or newer with IE 10 or higher','20 GHz or higher','1 GB RAM','A graphic card thats supports at least DirectX 10 or better'),(90,718790,'\0','Windows 7 or newer with IE 10 or higher','24 GHz or higher','2 GB RAM','A graphic card thats supports at least DirectX 10 or better'),(91,874100,'','Windows 7','Intel Celeron','2048 MB RAM','Integrated'),(92,621880,'','32/64 bit Versions of Windows 7 Windows 8 Windows 10','Pentium (R) D 3.0Ghz','512 MB RAM','NVIDIA 5200 128M GPU'),(93,621880,'\0','32/64 bit Versions of Windows 7 Windows 8 Windows 10','Core (TM) 2 Quad Q6700 2.66G (2 CPU) and over','2 GB RAM','NVIDIA GeForce 9800 GT 512M GPU'),(94,745810,'','Windows 8.1','Intel I5 or AMD A10','8 GB RAM','Geforce 760 2GB or equivalent  (minimum)'),(95,813820,'','Windows 7','Intel(R) Core(TM) i5-2320 CPU @ 3.00 GHz (4 CPUs) ~3.0GHz','6 GB RAM','NVIDIA GeForce GTX 555'),(96,660730,'','Windows 7','i3 2.5 GHz','1 GB RAM','GeForce GTX 460 1GB or AMD Radeon HD 6850 1GB'),(97,660730,'\0','Windows 10','i7 920 2.6 Ghz','2 GB RAM','GeForce GTX 460 1GB or AMD Radeon HD 6850 1GB'),(98,845630,'','Windows 7','Intel® Core™ i3 or AMD FX-6300 with at least 2 GHz','2 GB RAM','GeForce GTX 560/Radeon HD 6850 1.5Gb'),(99,845630,'\0','Windows 7 (SP1) Windows 10','Intel® Core™ i5 or AMD FX-8350 with at least 25 GHz','4 GB RAM','GeForce 760/Radeon HD 6970 2Gb'),(100,811240,'','Windows 7 64 Bit','Core i3-560 3.33GHz / AMD Phenom II X4 980','4 GB RAM','NVIDIA GeForce GTX 460 or ATI Radeon HD 5870 /w 1GB VRAM'),(101,811240,'\0','Windows 10 64 Bit','Core i5-4430 3GHz / AMD Athlon X4 845','6 GB RAM','NVIDIA GeForce GTX 650 Ti / AMD Radeon HD 6970 1GB VRAM'),(102,856110,'','7 8 10','Intel Pentium IV or better','50 MB RAM','Any'),(103,819740,'','Windows 7','Quad-core Intel or AMD 2.5 GHz or faster','8000 MB RAM','NVIDIA GeForce 470 GTX or AMD Radeon 6870 HD series card or higher'),(104,865990,'','Windows 7','1 core cpu','1 GB RAM','Radeon 9600'),(105,865990,'\0','Windows 7 and newer','2+ core cpu','4 GB RAM',NULL),(106,855650,'','Windows 7 64-bit Windows 8.1 64-bit Windows 10 64-bit','Intel Core i5-4430 / AMD FX-6300','8 GB RAM','NVIDIA GeForce GTX 670 / AMD Radeon HD 7970'),(107,855650,'\0','Windows 7 64-bit Windows 8.1 64-bit Windows 10 64-bit','Intel Core i5-6600K / AMD Ryzen 5 1600','8 GB RAM','NVIDIA GeForce GTX 1060 / AMD Radeon RX 580'),(108,689290,'','Windows 7 SP1 or newer','CPU: Intel Core i5 4590 or AMD FX 8350 or greater','4 GB RAM','GeForce GTX 970 or AMD Radeon R9 290 or better'),(109,228380,'','Windows Vista','Intel® Core™2 Duo 2.7 GHz or AMD equivalent','4 GB RAM','NVIDIA Geforce® GTX™ 460 or AMD Radeon™ HD 6850'),(110,228380,'\0','Windows 7 (32 or 64bit) Windows 8 Windows 10','Intel® Core™ i5 3.0 GHz or AMD equivalent','8 GB RAM','NVIDIA GeForce® GTX™ 970 or AMD Radeon™ R9 380X'),(111,867640,'','Windows 7 or newer (32 or 64-bit)','Intel Core i5 24 GHz','4 GB RAM','Nvidia GeForce 560 Ti / ATI Radeon HD 5850'),(112,775900,'','Windows 7 64-Bit or later','Intel Core i5-2500  AMD FX-8100 or equivalent','8 GB RAM','NVIDIA GeForce GTX 760 with 2 GB VRAM or more / AMD Radeon HD 7950 with 2 GB VRAM or more'),(113,775900,'\0','Windows 7 64-Bit or later','Intel Core i7-2600  AMD FX-8350 or equivalent','16 GB RAM','NVIDIA GeForce GTX 960 with 4 GB VRAM or more | AMD Radeon R9 380 with 4 GB VRAM or more'),(114,867730,'','Windows XP','Core2Duo','512 MB RAM','Intel HD2000'),(115,867730,'\0','Windows 10','QuadCore','2048 MB RAM','Intel HD2000 or better'),(116,773430,'','64 bit: Win 7 Win 8 Win 10','Intel Core i5-650 3.2 GHz or AMD Phenom II X4 965 3.4 Ghz','2 GB RAM','NVIDIA GeForce GTX 660ti (2 GB Memory or higher) or AMD Radeon HD 7870 (2 GB Memory or higher)'),(117,859090,'','Windows 7 or Newer','Intel Core i5-4590 or AMD FX 8350 (equivalent or better)','2 GB RAM','NVIDIA GTX 970 or AMD Radeon R9 290 (equivalent or better)'),(118,859090,'\0','Windows 10','Intel Core i5-4590 or AMD FX 8350 (equivalent or better)','2 GB RAM','NVIDIA GTX 1060 or AMD Radeon RX 480 (equivalent or better)'),(119,864010,'','Windows (64-bit versions only)','Intel Core 2','1 GB RAM','1 GB Video Card'),(120,866540,'','Windows  8.1 or higher','Intel i3-6100 / AMD Ryzen 3 1200 FX4350 or  higher','8 GB RAM','NVIDIA GTX 970  or AMD Radeon R9 290'),(121,876380,'','Windows 7/8/10 (64-bit OS required)','1.2 Ghz or faster processor','1024 MB RAM','500MB'),(122,876380,'\0','Windows 7/8/10 (64-bit OS required)','2.4GHz dual core processor','2048 MB RAM','1 GB'),(123,870590,'','Windows XP Vista 7 8 10','2.0 Ghz or better',NULL,'512MB Video Memory or better'),(124,870590,'\0','Windows XP Vista 7 8 10','2.0 Ghz or better',NULL,'512MB Video Memory or better'),(125,850060,'','Windows XP','Dual Core processor','4 GB RAM','Compatible with DirectX9 with 512 MB RAM or better (NVIDIA GeForce GTX 460 / ATI Radeon HD 5850 )'),(126,850060,'\0','Windows 7 or newer','Quad core processor','4 GB RAM',NULL),(127,717310,'','Windows XP','Intel 1.60GHz','2 GB RAM','Intel HD Graphics'),(128,717310,'\0','Windows 10','Intel Core 3.10GHz','16 GB RAM','NVIDIA GeForce GTX 970'),(129,872680,'','Vista / 7 / 8 / 10','2 GHz (32/64bits)','512 MB RAM','Minimum Resolution - 1336x768 Graphics Card with at least 128MB Dedicated Memory'),(130,793880,'','Windows 8.1','Intel i3-6100 AMD FX 4350','4 GB RAM','Nvidia 960 AMD Radeon R9 290'),(131,708760,'','Windows 7 SP1 or newer','Intel i5-4590 / AMD FX 8350 equivalent or greater','4 GB RAM','NVIDIA GeForce® GTX 970 / AMD Radeon™ R9 290 equivalent or greater'),(132,708760,'\0','Windows 7 SP1 or newer','Intel i5-4590 / AMD FX 8350 equivalent or greater','8 GB RAM','NVIDIA GeForce® GTX 980 / AMD Radeon™ R9 380 equivalent or greater'),(133,874130,'','Windows 7 SP1 Windows 8.1 or later Windows 10','CPU: Intel i5-4590 AMD FX 8350 equivalent or better','512 MB RAM','Nvidia GeForce GTX 970 AMD Radeon R9 290 equivalent or better'),(134,874090,'','Windows 7','Intel i5-4590 AMD FX 8350 equivalent or better.','8 GB RAM','Nvidia GeForce GTX 970 AMD Radeon R9 290 equivalent or better.'),(135,879220,'','WINDOWS XP / WINDOWS VISTA / WINDOWS 7 / WINDOWS 8 / WINDOWS 10','Any 64 or 32 bit processor','1 GB RAM','DirectX or OpenGL Compatible Video card'),(136,842780,'','Windows 7/8/8.1/10 x64','Intel Core2 Duo E6750 (2 * 2660) or equivalent | AMD Athlon 64 X2 Dual Core 6000+ (2 * 3000) or equivalent','2 GB RAM','GeForce GT 740 (2048 MB) or equivalent | Radeon HD 5770 (1024 MB)'),(137,836400,'','8 10','Intel Core i5 4590 or AMD FX 8350 or greater.','8 GB RAM','GeForce GTX 1060 or RX 570 or better.'),(138,836400,'\0','10','Intel Core i5 4590 or AMD FX 8350 or greater.','8 GB RAM','GeForce GTX 1080 or RX 580 or better.'),(139,819060,'','Windows 8 8.1 10','Core I7 2.8 GHZ or better','8 GB RAM','GTX 1060 or equivalent'),(140,819060,'\0','Windows 10','Core I7 2.8 GHZ or better','16 MB RAM','GTX 1070/1080 or equivalent'),(141,489380,'','Windows 7','Intel i5-4590 3.3 GHz','6 GB RAM','NVidia GTX 970'),(142,489380,'\0','Windows 10','Intel i7-4770 3.4 GHz','16 GB RAM','NVidia GTX 980'),(143,586170,'','Windows 7','Intel i3 / AMD FX','1 GB RAM','VGA GPU'),(144,586170,'\0','Windows 7 8 10','Intel i5 / AMD FX','1 GB RAM','VGA GPU'),(145,860220,'','Windows XPWindows Vista 7 8 10','1.5+ GHz','512 MB RAM','Intel Core HD Graphics or dedicated GPU with OpenGL 2.0 Support'),(146,871510,'','64-bit Windows 7 SP1 or greater','Intel i3-6100/AMD Ryzen 3 1200 FX4350 or greater','8 GB RAM','NVIDIA GTX 1050 Ti/AMD Radeon RX 470 or greater'),(147,871510,'\0','Windows 8.1 or greater','Intel i5-4590/AMD Ryzen 5 1500X or greater','8 GB RAM','NVIDIA GTX 1060/AMD Radeon RX 480 or greater'),(148,869780,'','Windows XP','Core2Duo','512 MB RAM','Intel HD2000'),(149,869780,'\0','Windows 10','QuadCore','2048 MB RAM','Intel HD2000 or better'),(150,861960,'','Windows 7 or later','1.8 GHz','2 GB RAM','OpenGL 3.0 compatible 1 GB video RAM'),(151,673560,'','Windows® 7','2 GHz Processor','2 GB RAM','DirectX® 9 level Graphics Card'),(152,679750,'','Windows 7 SP 1','Intel i5-4590 / AMD Ryzen 5 1500X','8 GB RAM','NVIDIA GTX 970 4 GB / AMD Radeon RX 480'),(153,679750,'\0','Windows 10','Intel i7-4590 / AMD Ryzen 7 1700','8 GB RAM','NVIDIA GTX 1070 / AMD Radeon RX Vega 56'),(154,866340,'','Windows Vista 7 8 8.1 10',NULL,NULL,NULL),(155,813670,'','Windows 7 SP1 Windows 8.1 or Windows 10','Intel® i5-4590 AMD FX 8350 equivalent or better','4 GB RAM','NVIDIA GTX 970 / AMD equivalent or greater'),(156,813670,'\0','Windows 10','Intel Core i7-6700K or AMD Ryzen 5 1600X','8 GB RAM','Nvidia GeForce GTX 1070 / AMD RX Vega 56 or better'),(157,567160,'','Windows XP SP3 x64','1500 MHz',NULL,NULL),(158,567160,'\0','Windows 7 or later','2000 MHz',NULL,NULL),(159,873220,'','Windows 7/8/10 - 64bits','2 GHz Intel Pentium 4 or AMD Athlon or equivalent','2 GB RAM','Intel HD graphique'),(160,843040,'','Windows Vista SP1.','SSE2 instruction set support.','2 GB RAM','SM3.0 GPU support 512MB.'),(161,843040,'\0','Latest 64-bit OS.','Quad-Core.','8 GB RAM','SM4.0 GPU support 1024MB.'),(162,838640,'','Windows XP 7 8 10','1.2GHz or faster processor','512 MB RAM','Video card must be 128 MB or more and with support for Pixel Shader 3.0'),(163,809440,'','Windows 7 or later','2.7 GHz','2 GB RAM','OpenGL 2.0 support 256 MB VRAM'),(164,680860,'','Windows 7 or greater','2.0 Ghz','2 GB RAM','DirectX 9.0c Compatible Card'),(165,680860,'\0','Windows 10','2.0 Ghz','2 GB RAM','DirectX 10 Compatible Card'),(166,847310,'','Windows 7',NULL,NULL,NULL),(167,808080,'','Windows 7 and above','1.2 ghz','2 GB RAM','512 mb video memory'),(168,835690,'','Windows 7','1.2 GHz','2 GB RAM','1GB VRAM'),(169,835690,'\0','Windows 10','3.0 GHz','4 GB RAM','2GB VRAM'),(170,872440,'','Requires a 64-bit processor and operating system','Windows 7 SP1 or Newer','4 GB RAM','DX9 compatible dedicated GPU 1GB video memory'),(171,872440,'\0','Requires a 64-bit processor and operating system','Windows 10','8 GB RAM','GTX 970 AMD 290 or equivalent'),(172,560080,'','Windows XP','Intel i3','300 MB RAM','DirectX9 Compatible GPU - 100MB graphics'),(173,560080,'\0','Windows 10','Intel i7','512 MB RAM','DirectX11 Compatible GPU - 128MB graphics'),(174,440120,'','Windows 10 (64-bit)','Intel i5-4590 AMD FX 8350 or better','16 GB RAM','Nvidia GeForce GTX 970 AMD R9 290 equivalent or better'),(175,640120,'','Windows 7','Intel I5','2 GB RAM','GeForce GT 600 series / Radeon HD 7000 series / Intel HD 4000 series'),(176,870110,'','Win 7 Win 8 Win10','Intel Pentium III 800 MHz','1024 MB RAM','1024x768 High Color +'),(177,874270,'','Windows','Intel i3 or AMD equivalent','8 GB RAM','NVIDIA GeForce GTX 760 or AMD equivalent'),(178,874270,'\0','Windows 10','Intel i7 or AMD equivalent','8 GB RAM','NVIDIA GeForce GTX 1060 or AMD equivalent'),(179,872590,'','Windows 7+','Intel Core2 Duo or better','2 GB RAM','DirectX 9/OpenGL 4.1 capable GPU'),(180,872590,'\0','Windows 7+','Intel Core2 Duo or better','2 GB RAM','DirectX 9/OpenGL 4.1 capable GPU'),(181,885650,'','Windows XP','1 GHz Intel or AMD Processor','1024 MB RAM','OpenGL or DirectX Compatible Graphics Card'),(182,871720,'','Win XP 7 8 Vista 10','2 GHz Intel Pentium 4 or AMD Athlon or equivalent','2 GB RAM','1 GB'),(183,871720,'\0','Win XP 7 8 Vista 10','2 GHz Intel Pentium 4 or AMD Athlon or equivalent','2 GB RAM','1 GB'),(184,682620,'','Windows XP Windows Vista Windows 7 Windows 8','Intel Pentium D or AMD Athlon 64 X2','2 MB RAM','NVIDIA GeForce 6800 (256 MB) or ATI Radeon X1600 (256 MB) or better'),(185,682620,'\0','Windows 10','Intel Core ™ 2 Duo E6600 (2.2 GHz) or AMD Athlone 64 X2 5000+ (2.6 GHz) or better','4 GB RAM','NVIDIA GeForce 8800 GT (512 MB) or ATI Radeon HD4850 (512 MB) or better'),(186,788260,'','Windows 7','Intel Core I3-4160','2 GB RAM','Intel HD Graphics 4600'),(187,788260,'\0','Windows 7','Intel Core I5-6500','4 GB RAM','NVIDIA GeForce GTX 960'),(188,861400,'','Windows 7','Intel core i7','8 GB RAM','1060 card'),(189,889420,'','Windows 7x  8x or 10x','1.6 GHz or higher processor','1 GB RAM','Graphics card recommended'),(190,889420,'\0','Windows 7x  8x or 10x','2.0 GHz or higher processor','4 GB RAM','DirectX or OpenGL compatible card.'),(191,890770,'','Windows 7x  8x or 10x','1.6 GHz or higher processor','1 GB RAM','Graphics card recommended'),(192,890770,'\0','Windows 7x  8x or 10x','2.0 GHz or higher processor','4 GB RAM','DirectX or OpenGL compatible card.'),(193,888720,'','Windows 7x  8x or 10x','1.6 GHz or higher processor','1 GB RAM','Graphics card recommended'),(194,888720,'\0','Windows 7x  8x or 10x','2.0 GHz or higher processor','4 GB RAM','DirectX or OpenGL compatible card.'),(195,837990,'','64bit Versions of Windows 7 Windows 8 Windows 10','AMD Phenom(tm) 8450 Triple-Core Processor (3 CPUs) ~2.1GHz or Intel Core 2 Duo E8400 @ 3.0 GHz','4 GB RAM','Graphics: NVIDIA® GeForce GTX 470 (1Gb VRAM) / ATI Radeon TM HD 6870 (1Gb VRAM)'),(196,837990,'\0','64bit Versions of Windows 7 Windows 8 Windows 10','AMD FX 8120 @ 3.1 GHz or Intel i3 2100 @ 3.10 GHz','4 GB RAM','Graphics: NVIDIA® GeForce® GTX 750ti ATI Radeon™ HD 7850'),(197,878980,'','Windows Vista SP1+','SSE2 instruction set support.','2 MB RAM','Graphics card with DX10 (shader model 4.0) capabilities.'),(198,815320,'','Windows 10','CPU: Intel Core i5- 4590 equivalent or greater','8 GB RAM','NVIDIA GeForce GTX 1060 or greater'),(199,815320,'\0','Windows 10','CPU: Intel Core i7- 7700k equivalent or greater','8 GB RAM','NVIDIA GeForce GTX 1070 or greater'),(200,884470,'','Windows Vista','64bit Dual Core','2 GB RAM','32mb VRAM'),(201,708030,'','Windows Vista','Intel(R) Core(TM) i5-4690K CPU @ 3.50GHz','4 GB RAM','GeForce GTX 660'),(202,708030,'\0','Windows 7','Intel(R) Core(TM) i5-4690K CPU @ 3.50GHz','8 GB RAM','GeForce GTX 660'),(203,870960,'','Windows XP/Vista/7/8/10','Intel® Core 2 Duo','2 GB RAM','GTX 260 or equivalent'),(204,869300,'','Windows XP/Vista/7/8/10','Intel® Core 2 Duo','2 GB RAM','GTX 260 or equivalent'),(205,872290,'','Windows 7 / 8.1','Intel Core i5','4 GB RAM','GTX 950 / GTX 960M - 2GB ( 60 FPS on 1920x1080 resolution )'),(206,872290,'\0','Windows 8.1 / 10','Intel Core i7','4 GB RAM','GTX 950 / GTX 960M - 2GB ( 60 FPS on 1920x1080 resolution )'),(207,798860,'','Windows 7/8.1/10 64bit','Core i5 2400 or over','6 GB RAM','NVIDIA GeForce GTX 660 or over'),(208,798860,'\0','Windows 7/8.1/10 64bit','Core i7 3770 or over','8 GB RAM','NVIDIA GeForce GTX 1060 or over'),(209,875840,'','WindowsR 7/8/8.1/10 (32bit/64bit)','Intel Core2 Duo or better','2 GB RAM','OpenGL ES 2.0 hardware driver support required for WebGL acceleration. (AMD Catalyst 10.9 nVidia 358.50) iOS 8.0 Android 4.4.4*'),(210,876180,'','Windows 7','Intel Core 2 Duo','4 GB RAM','Nvidia AMD or Intel. Anything built in the last 10 years should work.'),(211,884400,'','Windows 7',NULL,NULL,NULL),(212,843050,'','Windows 7/8 64-bit',NULL,NULL,'DirectX 11 compatible graphics card'),(213,843050,'\0','Windows 7/8 64-bit','Quad-core Intel or AMD 2.5 GHz or faster','8 GB RAM GB RAM','DirectX 11 compatible graphics card'),(214,883570,'','Windows 7 SP1+ 8 10 64-bit versions only',NULL,'4 GB RAM','Graphics card with DX10 (shader model 4.0) capabilities.'),(215,829040,'','Windows Vista or newer','2.0 GHz','512 MB RAM','Graphics card with DX10 (shader model 4.0) capabilities'),(216,829040,'\0','Windows Vista or newer','2.5 GHz','1 GB RAM','Graphics card with DX10 (shader model 4.0) capabilities'),(217,867510,'','Windows 7 (SP1+) 8 10 (64bit edition only)','SSE2 Extension Command Set Compatible',NULL,'Graphics card with DX10 (shader model 4.0) capabilities.'),(218,860450,'','Windows 7','Dual Core CPU','2 GB RAM','At least 512MB of video RAM'),(219,884250,'','Win 7 32-bit or higher','2.0 ghz or higher','500 MB RAM','500 Megs VRAM'),(220,884390,'','Win 7+','Intel Core i5','1 GB RAM','1GB VRAM'),(221,868780,'','Windows 7',NULL,NULL,NULL),(222,735230,'','Windows® 10 Windows® 8.1 Windows® 7 日本語版 64bit','Intel Core2 Duo 1.8GHz以上','2 GB RAM','1024 X 768ピクセル以上または 1280 X 720ピクセル以上表示可能なディスプレイ'),(223,735230,'\0','Windows® 10 Windows® 8.1 Windows® 7 日本語版 64bit','Intel Core i5 3.0GHz以上','2 GB RAM','1024 X 768ピクセル以上または 1280 X 720ピクセル以上表示可能なディスプレイ'),(224,349470,'','Windows XP SP2','1.7 GHz Processor','2 GB RAM','NVIDIA GeForce 8 or higher ATI X1600 or higher or Intel HD 3000 or higher'),(225,349470,'\0','Windows 7+ or higher','2.5 - 4.0 GHz Processor','8 GB RAM','Nvidia GeForce GTX 460 (1024 MB) AMD Radeon R7 260X (2048 MB)'),(226,713170,'','Windows XP',NULL,'2 GB RAM','OpenGL-capable graphics card  128MB or greater'),(227,778660,'','Windows 10 8 7 Vista or XP Service Pack 3','1 GHz processor','1 GB RAM',NULL),(228,891140,'','Windows XP or newer (may not work on all 32 bit systems)',NULL,'8 GB RAM','Must be able to display 1024x768 resolution or higher.'),(229,891140,'\0','Windows 10 (64 bit)',NULL,'8 GB RAM',NULL),(230,889000,'','win7/win10','I3以上处理器','512 MB RAM','750以上'),(231,889000,'\0','win7/win10','I3以上处理器','512 MB RAM','750以上'),(232,885550,'','Windows 7','Intel(R) Core(TM) i5-2320 CPU @ 3.00 GHz (4 CPUs) ~3.0GHz','6 GB RAM','NVIDIA GeForce GTX 555'),(233,872170,'','Windows 7','Intel Core 2 or AMD equivalent','1 GB RAM',NULL),(234,872170,'\0','Windows 10','Intel Core I3+ or AMD equivalent recommended for HD 1080p playback','2 GB RAM',NULL),(235,882400,'','Windows 7','Intel Core 2 or AMD equivalent','1 GB RAM',NULL),(236,882400,'\0','Windows 10','Intel Core I3+ or AMD equivalent recommended for HD 1080p playback','2 GB RAM',NULL),(237,887180,'','Windows 7x  8x or 10x','1.6 GHz or higher processor','1 GB RAM','Graphics card recommended'),(238,887180,'\0','Windows 7x  8x or 10x','2.0 GHz or higher processor','4 GB RAM','DirectX or OpenGL compatible card.'),(239,888240,'','Windows 7','Intel i3','4 GB RAM','Less than 5 year old GPU'),(240,888240,'\0','Windows 10','Intel i5 (quad core or better)','8 GB RAM','GTX 660 or Radeon 7970'),(241,762780,'','Windows 10 8 7 Vista or XP Service Pack 3','1 GHz processor','1 GB RAM',NULL),(242,868240,'','Windows 7 SP1','intel i5-4560 / AMD FX 8350','8 GB RAM','GTX970 / AMD 290'),(243,868240,'\0','Windows 10','Intel i7 6500k equivalent or greater','16 GB RAM','GTX1060 / AMD Radeon RX 480'),(244,875670,'','win7','2.4hz','512 MB RAM',NULL),(245,875670,'\0','win7','2.4hz','512 MB RAM',NULL),(246,883010,'','Microsoft® Windows® XP / Vista / 7 / 10','1.2 GHz','150 MB RAM','512 MB'),(247,884270,'','Windows XP Vista 7 8 10','Pentium 4 or higher 2GHz','1 GB RAM','128MB or higher'),(248,860290,'','Windows 10',NULL,NULL,NULL),(249,836700,'','Windows Vista SP1+','CPU: SSE2 instruction set support','4 GB RAM','Graphics card with DX10 (shader model 4.0) capabilities'),(250,836700,'\0','Windows 10','CPU: SSE2 instruction set support','4 GB RAM','Graphics card with DX10 (shader model 4.0) capabilities'),(251,846130,'','Windows','i5 Processor','4 GB RAM','GTX 570'),(252,846130,'\0','Windows','i5 2500','6 GB RAM','GTX 1060'),(253,872240,'','Microsoft® Windows® XP / Vista / 7 or later','CPU Intel® Pentium® 4 2.0 GHz equivalent or faster processor','512 MB RAM','1024 x 768 resolution support'),(254,819270,'','Windows1087XP','1 (GHz) or higher processor','4 GB RAM',NULL),(255,762560,'','Win 7 or later',NULL,NULL,NULL),(256,870030,'','Windows 7','2GHz','2 GB RAM','Integrated Graphics with Shader Model 3.0'),(257,870030,'\0','Windows 7 8 8.1 10','2GHz or higher processor','4 GB RAM','AMD or NVidia card with Shader Model 3.0 or higher'),(258,877190,'','Microsoft® Windows Server 2008 Windows 7 or Windows 8 Classic','2.33GHz or faster x86-compatible processor or Intel Atom™ 1.6GHz or faster processor for netbook class devices','512 MB RAM',NULL),(259,881150,'','Windows Vista','2 GHz Dual Core CPU','1 GB RAM','intel HD Graphics 4000 or gtx460 better'),(260,881150,'\0','Windows 10','2.5 GHz Dual Core CPU','2 GB RAM','Geforce GTX 960/Radeon RX460 or better'),(261,884190,'','Windows XP/Windows Vista/Windows 7/8/10','1.6 GHz','256 MB RAM','Intel HD Graphics'),(262,768740,'','Windows 7','Corei3','256 MB RAM',NULL),(263,768740,'\0','Windows 10','Corei3','256 MB RAM',NULL),(264,770560,'','Windows 7 8 or 10',NULL,'4 GB RAM','Dedicated GPU Recommended'),(265,856170,'','Windows 7','TBD','4 GB RAM','TBD'),(266,840810,'','Windows 7+','Intel Core2 Duo processor (or 64-Bit AMD equivalent)','4 GB RAM','Dedicated Card w/ 1GB VRAM'),(267,774231,'',NULL,'Intel™ i5-4590 or AMD FX™ 8350 equivalent or better.','4 GB RAM','NVIDIA GeForce™ GTX 970 / AMD R9 380 equivalent or better.'),(268,882560,'','Win 7 or later','Intel Core i3 or better','2 GB RAM','Intel HD 5670'),(269,882560,'\0','Win 7','Intel Core i5 or better','4 GB RAM','Radeon R7 240'),(270,882520,'','Win 7 32-bit or higher','2.0 ghz or higher','500 MB RAM','500 Megs VRAM'),(271,881590,'','Vista 32-bit Service Pack 2','Intel Core i5-2XXX @ 2.0GHz / AMD Phenom II X4 @ 2.6GHz','1 GB RAM','Intel HD Graphics 3000 or better'),(272,863760,'','Windows 7',NULL,NULL,NULL),(273,881930,'','Windows XP Vista 7 8 10','Pentium 4 or higher 2GHz','1 GB RAM','128MB or higher'),(274,557520,'','Windows 10','3.3 GHz Intel i5-4590 OR 3.2 GHz AMD Ryzen 1400','8 GB RAM','AMD Radeon R9 480 OR NVIDIA GeForce GTX 970'),(275,847300,'','Windows 7',NULL,NULL,NULL),(276,753816,'','Windows Vista Windows 7 Windows 8','2.66 GHz Intel Core2 Duo E6750 or 2.8 GHz AMD Athlon 64 X2 5600+','2 GB RAM','256 MB DirectX 9 / NVIDIA® GeForce® 8600 GT or ATI Radeon™ HD 2600 XT'),(277,753816,'\0','Windows Vista Windows 7 Windows 8','3.1 GHz Intel Core i3-540 or 3.3 GHz Athlon II X3 455','4 GB RAM','512MB Nvidia GT 240 or 512 MB ATI Radeon HD 5670'),(278,753817,'','Windows Vista Windows 7 Windows 8','2.66 GHz Intel Core2 Duo E6750 or 2.8 GHz AMD Athlon 64 X2 5600+','2 GB RAM','256 MB DirectX 9 / NVIDIA® GeForce® 8600 GT or ATI Radeon™ HD 2600 XT'),(279,753817,'\0','Windows Vista Windows 7 Windows 8','3.1 GHz Intel Core i3-540 or 3.3 GHz Athlon II X3 455','4 GB RAM','512MB Nvidia GT 240 or 512 MB ATI Radeon HD 5670'),(280,753818,'','Windows Vista Windows 7 Windows 8','2.66 GHz Intel Core2 Duo E6750 or 2.8 GHz AMD Athlon 64 X2 5600+','2 GB RAM','256 MB DirectX 9 / NVIDIA® GeForce® 8600 GT or ATI Radeon™ HD 2600 XT'),(281,753818,'\0','Windows Vista Windows 7 Windows 8','3.1 GHz Intel Core i3-540 or 3.3 GHz Athlon II X3 455','4 GB RAM','512MB Nvidia GT 240 or 512 MB ATI Radeon HD 5670'),(282,753815,'','Windows Vista Windows 7 Windows 8','2.66 GHz Intel Core2 Duo E6750 or 2.8 GHz AMD Athlon 64 X2 5600+','2 GB RAM','256 MB DirectX 9 / NVIDIA® GeForce® 8600 GT or ATI Radeon™ HD 2600 XT'),(283,753815,'\0','Windows Vista Windows 7 Windows 8','3.1 GHz Intel Core i3-540 or 3.3 GHz Athlon II X3 455','4 GB RAM','512MB Nvidia GT 240 or 512 MB ATI Radeon HD 5670'),(284,844490,'','Windows 7','2.33GHz or faster x86-compatible processor','2 GB RAM','512 MB DirectX 9.0c compatible graphics card'),(285,839370,'','Windows 2007','Intel Core2 Duo or better','512 MB RAM','DirectX 9/OpenGL 4.1 capable GPU'),(286,839370,'\0','Windows 2007','Intel Core2 Duo or better','2 GB RAM','DirectX 9/OpenGL 4.1 capable GPU'),(287,788870,'','10','i5','8 GB RAM','2 GB'),(288,788870,'\0','10','i7','8 MB RAM','4 GB'),(289,881480,'',NULL,NULL,'1 GB RAM',NULL),(290,881480,'\0',NULL,NULL,'2 GB RAM',NULL),(291,756611,'','Any internet enabled device capable of displaying a PDF file including smartphone tablet Mac PC running Windows 18.1 or 10','N/A',NULL,'N/A'),(292,756610,'','Any internet enabled device capable of displaying a PDF file including smartphone tablet Mac PC running Windows 18.1 or 10','N/A',NULL,NULL),(293,865320,'','Windows 7','Intel i5-4590 or AMD equivalent','6 GB RAM','NVIDIA GTX 970 / AMD 290X'),(294,878480,'','Windows XP/Windows Vista/Windows 7/8/10','1.6 GHz','256 MB RAM','Intel HD Graphics'),(295,884890,'','Any','Any','1 MB RAM','Any'),(296,843130,'','Windows 7','2 GHz','2 GB RAM','Integrated Graphics'),(297,646910,'','Windows 7 SP1 Windows 8.1 Windows 10 (64-bit versions only)','Intel Core i5-2400s @ 2.5 GHz or AMD FX-6100 @ 3.3 GHz or equivalent','8 GB RAM','NVIDIA GeForce GTX 660 or AMD HD 7870 (2GB VRAM with Shader Model 5.0 or better)'),(298,646910,'\0','Windows 7 SP1 Windows 8.1 Windows 10 (64-bit versions only)','Intel Core i5-4690k @ 3.5 GHz or AMD Ryzen 5 1600 @ 3.2 GHz or equivalent','8 GB RAM','NVIDIA GeForce GTX 1060 (6GB) or GTX 970 (4GB) or AMD RX 470 (8GB) or better'),(299,875890,'','Microsoft 64bit Windows','64bit Intel compatible Dual Core CPU','200 MB RAM','DX11 compliant graphics card'),(300,773360,'','Windows 10','2.7GHz',NULL,NULL),(301,825480,'','windows xp以上','Pentium 3 1.6Ghz','512MB MB RAM','NVIDIA GeForce Mx440 / ATI Radeon 7'),(302,825480,'\0','Windows 8 / 7 /10 /Vista / XP','2.4 GHz Quad Core 2.0 (or higher)','8 GB RAM','Intel HD Graphics 4000 and higher ATI Radeon HD-Series 4650 and  higher Nvidia GeForce 2xx-Series and up'),(303,881610,'','Win 7+','Intel Core i5 +','1 GB RAM','1GB VRAM'),(304,889430,'','Any',NULL,NULL,NULL),(305,889430,'\0','Any',NULL,NULL,NULL),(306,438210,'','Windows 7','2.0 GHz or better dual core','2 GB RAM','1 GB Mem supports OpenGL 3.2'),(307,438210,'\0','Windows 7','2.0 GHz or better','1 GB RAM','1 GB Mem supports OpenGL 3.2'),(308,882200,'','Windows 7 64 Bit','Core i3 / AMD 2.0 GHz','2 GB RAM','Video card with 1 GB memory'),(309,882200,'\0','Windows 10','Core i5 / AMD 3.0 GHz','4 GB RAM','Video card with 4 GB memory'),(310,810800,'','Windows XP or Windows 7','2 GHz Dual-Core 64-bit CPU','4 GB RAM','DirectX 9 Compatible GPU with 1 GB Video RAM'),(311,856040,'','Windows 7','1 Core (64 bit)','2 GB RAM',NULL),(312,885720,'','Windows 7 or higher','Core 2 Duo or better',NULL,'128 Mb'),(313,885720,'\0','Windows 7 or higher','Core 2 Duo or better',NULL,'128 Mb'),(314,870190,'','Windows XP','1 GHz','1024 MB RAM',NULL),(315,813400,'','WindowsR 7/8/8.1/10 (32bit/64bit)','Intel Core2 Duo or better','4 GB RAM','DirectX 9/OpenGL 4.1 capable GPU'),(316,657810,'','Windows 7',NULL,'1 GB RAM',NULL),(317,617590,'','Microsoft Windows (32-bit/64-bit)','Intel Dual-Core 2GHz or AMD Dual-Core 2GHz','4 GB RAM','NVIDIA GeForce 400 series or AMD Radeon HD 6000 series 1GB Video Card (Minimum Shader Model 2.0)'),(318,877070,'','Windows Vista (32/64-bit)','1.8 GHz Processor','4 GB RAM','GeForce 700 series equivalent or higher'),(319,877070,'\0','Windows 8 (32/64-bit)','2.3 GHz Processor','8 GB RAM','GeForce 900 series equivalent or higher'),(320,873970,'','Windows 8.1+',NULL,'512 MB RAM',NULL),(321,871470,'','Windows XP Vista 7 8.1 10','Intel Core 2 Duo (or equivalent)','1024 MB RAM','DirectX9 Compatible GPU with 512 MB Video RAM'),(322,511840,'','Windows XP/Vista/7/8/10','1500 MHz',NULL,NULL),(323,882510,'','Windows XP/Windows Vista/Windows 7/8/10','1.6 GHz','256 MB RAM','Intel HD Graphics'),(324,873370,'','Windows',NULL,NULL,NULL),(325,873370,'\0','Windows',NULL,NULL,NULL),(326,776380,'','Windows Vista and above',NULL,NULL,NULL),(327,776380,'\0','Windows Vista and above',NULL,NULL,NULL),(328,726840,'','Windows Vista 7 8 8.1 10','Single Core','512 MB RAM','OpenGL 3.0'),(329,726840,'\0','Windows Vista 7 8 8.1 10','Dual Core','512 MB RAM','OpenGL 3.0'),(330,874200,'','Windows 7','Core 2 Duo',NULL,NULL),(331,888000,'','WIN7 SP1/WIN8/WIN10','1.2 GHz','1 MB RAM','DirectX 9 compatible graphics card'),(332,711810,'','Windows 7+','SSE2 instruction set support.',NULL,'DX11 capabilities'),(333,882310,'','Windows XP/7/8/8.1/10','1.2 Ghz or faster processor','512 MB RAM','200 MB'),(334,882310,'\0','Windows XP/7/8/8.1/10','2 Ghz','1024 MB RAM','512 MB'),(335,838360,'','Windows 10',NULL,NULL,NULL),(336,881950,'','7','2.4 GHz Dual Core','6 GB RAM',NULL),(337,881950,'\0','10','3 GHz Quad Core','16 GB RAM',NULL),(338,872000,'','Windows XP','2 GHz','256 MB RAM','Direct X9.0c Compatible Card'),(339,849790,'','Windows 7 64-bit Windows 8 64-bit Windows 10 64-bit',NULL,'2 GB RAM','Open GL 3.2+ Compliant'),(340,849790,'\0','Windows 7 64-bit Windows 8 64-bit Windows 10 64-bit',NULL,'4 GB RAM','Open GL 3.2+ Compliant'),(341,875790,'','Windows XP / Vista / 7 / 8 / 10','Dual Core 1.6 GHz or better','2 GB RAM','DX9 (shader model 3.0) or DX11 with feature level 9.3 capabilities'),(342,874840,'','Windows 7Windows 8.1 Windows 10','2.2Ghz','512 MB RAM','128 MB'),(343,874840,'\0','Windows 7Windows 8.1 Windows 10','3.4Ghz','1 GB RAM','256 MB'),(344,876290,'','Windows Vista / 7 / 8 / 10','1.5Ghz Processor','1 GB RAM','Integrated graphics chip'),(345,876290,'\0','Windows Vista / 7 / 8 / 10','Pentium 4 or better','2 GB RAM','Integrated graphics chip'),(346,878610,'','Windows XP SP2+','Dual-Core 1.60 GHz with SSE2','1000 MB RAM','NVIDIA or AMD GPU with 256MB'),(347,878610,'\0','Windows 7','Dual-Core 2.5 GHz or any Quad-Core','2000 MB RAM','NVIDIA or AMD GPU with 512MB'),(348,872990,'','Microsoft® Windows® XP or later','Dual Core 2.0 GHZ or Better','512 MB RAM','Compatible with DirectX 9'),(349,872990,'\0','Microsoft® Windows® 7 or later','Dual Core 3.0 GHZ or higher','2 GB RAM','Compatible with DirectX 9 or later'),(350,890100,'','Microsoft® Windows® XP / Vista','Intel Core 2 Duo (or equivalent)','2048 MB RAM','with 512 MB VRAM compatible with DirectX 9'),(351,863670,'','Windows 7 SP1/Windows 8.1 or later/Windows 10','Intel i5-4590/AMD FX 8350','4 GB RAM','Nvidia GeForce GTX 970/AMD Radeon R9 290'),(352,863670,'\0','Windows 7 SP1/Windows 8.1 or later/Windows 10','Intel i7-8559U/AMD FX™ 8350','4 GB RAM','NVIDIA GeForce GTX 1060/AMD Radeon RX 480'),(353,878270,'','Win 7 32-bit or higher','2.0 ghz or higher','500 MB RAM','500 Megs VRAM'),(354,854420,'','Windows 7','Intel Kaby Lake Core M3-7Y30 @ 2.6 GHz or AMD Athlon II X4 620 @ 2.6 GHz','4 GB RAM','Intel HD Graphic 615 / AMD Radeon HD 6750M'),(355,854420,'\0','Windows 10','Intel i3-7100 @ 3.9GHz or AMD FX-8350 @ 4.0GHz','6 GB RAM','Nvidia GPU GeForce GTX 770 / AMD GPU Radeon R9 290'),(356,885540,'','Windows 7','Intel Core i3','150 MB RAM','GeForce GT 710'),(357,872400,'','Windows 7 64-bit or later','Quad-core Intel or AMD processor 2.5 GHz or faster','4 GB RAM','NVIDIA GeForce 470 GTX or AMD Radeon 6870 HD series card or higher 8 GB RAM'),(358,872400,'\0','Windows 7 64-bit or later','Quad-core Intel or AMD processor 2.5 GHz or faster','8 GB RAM','NVIDIA GeForce 470 GTX or AMD Radeon 6870 HD series card or higher 8 GB RAM'),(359,872600,'','Windows XP',NULL,'4 GB RAM',NULL),(360,861080,'','WindowXP','1.6Ghz','1 GB RAM','7900 GT'),(361,861080,'\0','Window 10','2.4Gz','4 GB RAM','660 Ti'),(362,875780,'','Windows XP / Vista / 7 / 8 / 10','Dual Core 1.6 GHz or better','2 GB RAM','DX9 (shader model 3.0) or DX11 with feature level 9.3 capabilities'),(363,874810,'','Windows XP / Vista / 7 / 8 / 10','Dual Core 1.6 GHz or better','2 GB RAM','DX11 with feature level 9.3 capabilities'),(364,871670,'','Microsoft® Windows® XP / Vista','Intel Core 2 Duo (or equivalent)','2048 MB RAM','with 512 MB VRAM compatible with DirectX 9'),(365,873150,'','Microsoft® Windows® XP / Vista','Intel Core 2 Duo (or equivalent)','1024 MB RAM','DirectX9 Compatible GPU with 512 MB Video RAM'),(366,798896,'','Windows 7 SP1 Windows 8.1 or Windows 10','Intel® i5-4590','4 GB RAM','NVIDIA GeForce® GTX 750'),(367,798896,'\0','Windows 10','Intel i5 2.3GHz or better','8 GB RAM','Geforce GTX 1080 or equivalent'),(368,798895,'','Windows 7 SP1 Windows 8.1 or Windows 10','Intel® i5-4590','4 GB RAM','NVIDIA GeForce® GTX 750'),(369,798895,'\0','Windows 10','Intel i5 2.3GHz or better','8 GB RAM','Geforce GTX 1080 or equivalent'),(370,798894,'','Windows 7 SP1 Windows 8.1 or Windows 10','Intel® i5-4590','4 GB RAM','NVIDIA GeForce® GTX 750'),(371,798894,'\0','Windows 10','Intel i5 2.3GHz or better','8 GB RAM','Geforce GTX 1080 or equivalent'),(372,798893,'','Windows 7 SP1 Windows 8.1 or Windows 10','Intel® i5-4590','4 GB RAM','NVIDIA GeForce® GTX 750'),(373,798893,'\0','Windows 10','Intel i5 2.3GHz or better','8 GB RAM','Geforce GTX 1080 or equivalent'),(374,798892,'','Windows 7 SP1 Windows 8.1 or Windows 10','Intel® i5-4590','4 GB RAM','NVIDIA GeForce® GTX 750'),(375,798892,'\0','Windows 10','Intel i5 2.3GHz or better','8 GB RAM','Geforce GTX 1080 or equivalent'),(376,829130,'','Windows XP 7 10','1.7 GHz Dual Core','2 GB RAM','NVIDIA GeForce GTX 260 ATI Radeon 4870 HD or equivalent card with at least 512 MB VRAM'),(377,868090,'','Windows 7 64bit','Intel i5-4590 equivalent or greater','8 GB RAM','NVIDIA GTX 970 / AMD equivalent or greater'),(378,868090,'\0','Windows 10','Intel Core i7 6700K equivalent or greater','16 GB RAM','NVIDIA GTX 980 / AMD equivalent or greater'),(379,888590,'','Windows 7+','1.5Ghz Processor or better','2 MB RAM','No Need'),(380,888590,'\0','Windows 10','1.5Ghz Processor or better','2 MB RAM','No needed'),(381,884970,'','Windows XP SP2+','Any','4 MB RAM',NULL),(382,876450,'','Windows 7 SP1 (64-bit only)','AMD Athlon 2000/Intel Pentium 2.4 GHz','2 GB RAM','AMD Radeon 9500/nVidia GeForce 6600 256 MB'),(383,876450,'\0','Windows 10 (64-bit only)','AMD FX-8350/Intel Core i5-2400S','4 GB RAM','AMD Radeon HD5850/nVidia GeForce GTX 460 1GB'),(384,734840,'','Windows Vista788.110','Quadcore or higher','2 GB RAM','Geforce GTX 750 or higher'),(385,878570,'','Windows XP','Core2Duo','512 MB RAM','Intel HD2000'),(386,878570,'\0','Windows 10','QuadCore','2048 MB RAM','Intel HD2000 or better'),(387,874180,'','Windows 7',NULL,'4 GB RAM',NULL),(388,875710,'','Windows 7','AMD or Intel 1.40ghz','2 GB RAM','Integrated/On-Board Graphics'),(389,835280,'','Windows 7 Windows 10','Intel Core i5','500 MB RAM','NVIDIA GeForce GT 750M (2GB)'),(390,452070,'','Windows XP Windows 2000 Windows XP 64-Bit','2 Ghz Intel Pentium 4 or equivalent','512 MB','128 MB Direct3D compatible video card and DirectX 9.0 compatible driver'),(391,849410,'','Windows 7','Intel Core i5 2Ghz or Equivalent','500 MB RAM','GeForce GTX 7 Series or Equivalent'),(392,833920,'','Windows 7 8 and 10','Dual Core Processor&gt; 2GHz','1 GB RAM','Intel HD Graphics w/ 1GB VRAM or higher'),(393,833650,'','Windows 7 64 bit or greater','2 Ghz or greater','4 GB RAM','512 mb video memory Shader model 4.0+'),(394,833650,'\0','Windows 7 64 bit or greater','3 Ghz or greater','8 GB RAM','4 gb video memory Shader model 5.0'),(395,831670,'','Windows 7 x64 or higher','Intel Core 2 duo +','8 GB RAM','integrated graphics card'),(396,831670,'\0','Windows 7 x64 or higher','i5-4670','8 GB RAM','gtx 950'),(397,885270,'','64 bit Windows 7 and above','Intel Core i5-4570 3.2 GHz or AMD Phenom(tm) II X4 B60 3.3 GHz','4 GB RAM','GeForce GTX 460 1GB or AMD Radeon HD 6850 1GB (must support shader 5 model)'),(398,885270,'\0','64 bit Windows 7 and above','Intel Core i7-3770 3.4 GHz or AMD FX-9370 4.4 GHz','8 GB RAM','GeForce GTX 660 2GB or AMD Radeon HD 7850 2GB (must support shader 5 model)'),(399,814110,'','64 bit Windows 7 and above','Intel Core i5-4570 3.2 GHz or AMD Phenom(tm) II X4 B60 3.3 GHz','4 GB RAM','GeForce GTX 460 1GB or AMD Radeon HD 6850 1GB (must support shader 5 model)'),(400,814110,'\0','64 bit Windows 7 and above','Intel Core i7-3770 3.4 GHz or AMD FX-9370 4.4 GHz','8 GB RAM','GeForce GTX 660 2GB or AMD Radeon HD 7850 2GB (must support shader 5 model)'),(401,867240,'','64 bit Windows 7 and above','Intel Core i5-4570 3.2 GHz or AMD Phenom(tm) II X4 B60 3.3 GHz','4 GB RAM','GeForce GTX 460 1GB or AMD Radeon HD 6850 1GB (must support shader 5 model)'),(402,867240,'\0','64 bit Windows 7 and above','Intel Core i7-3770 3.4 GHz or AMD FX-9370 4.4 GHz','8 GB RAM','GeForce GTX 660 2GB or AMD Radeon HD 7850 2GB (must support shader 5 model)'),(403,875420,'','Windows XP','2 GHz Dual Core','500 MB RAM','Intel HD4000'),(404,881270,'','Windows XP','2.2 GHZ','1 GB RAM','512 MB'),(405,879440,'','Windows XP/Windows Vista/Windows 7/8/10','1.6 GHz','256 MB RAM','Intel HD Graphics'),(406,889200,'','Windows XP\\Vista\\7\\8\\10','1.2GHz processor','512 MB RAM','256 MB'),(407,887980,'','Windows XP\\Vista\\7\\8\\10','1.2 Ghz+','512 MB RAM','Compatible with DirectX 9'),(408,873340,'','Windows 7/8/10',NULL,'2 GB RAM',NULL),(409,880840,'','Microsoft Windows 7810','Cpu dual core 25 Ghz or higher','2 GB RAM','intel Hd 4000 \\ ati series 7000 or higher'),(410,880840,'\0','Microsoft Windows 7810','Cpu dual core 25 Ghz or higher','2 GB RAM','nvidia geforce 650 \\ ati series 7770 or higher'),(411,880200,'','Windows 7 64Bit','Intel I5','8 MB RAM','GTX970'),(412,880200,'\0','Windows 7 64Bit','Intel I7','16 MB RAM','GTX1070'),(413,713360,'','Windows 7/8/10','Intel i3-3220','4 GB RAM','Nvidia 780'),(414,713360,'\0','Windows 7/8/0','Intel i5-4670','8 GB RAM','Nvidia 980'),(415,831070,'','7','1.5 GHz','512 MB RAM','128 MB Open GL'),(416,867460,'','windows 10','intel core i7','16 MB RAM','NVIDIA 2GB dedicated Vr'),(417,868120,'','windowsXP',NULL,NULL,NULL),(418,888360,'',NULL,NULL,'1 GB RAM',NULL),(419,829420,'','windows 7','intel i3','512 MB RAM','N/A'),(420,829420,'\0','windows 7或者以上','Intel i3','1024 MB RAM','N/A'),(421,830500,'','Windows 8/10','Intel Core i5-5200U 2.2GHz or equivalent','4 GB RAM','Intel HD Graphics 5500 or equivalent'),(422,830500,'\0','Windows 8/10','Intel Core i7-4790 4.0GHz or equivalent','8 GB RAM','Nvidia GeForce GTX 970 or equivalent'),(423,870090,'','Windows 7 SP1 Windows 8.1 or Windows 10','Intel® i5-4590 AMD FX 8350 equivalent or better','4 GB RAM','NVIDIA GeForce® GTX 970 AMD Radeon™ R9 290 equivalent or better Video Output: HDMI 1.4 DisplayPort 1.2 or newer'),(424,461150,'',NULL,'2.4 Ghz Intel Pentium 4 or equivalent processor','1 GB (XP)/ 2 GB (Vista)',NULL),(425,461150,'\0',NULL,'Intel Core 2 Duo processor','2 GB System RAM',NULL),(426,451410,'','Windows ME/98/XP/2000','500 MHz Intel Pentium III Celeron or AMD Athlon','256 MB','32MB Direct3D Compatible video card with 32-bit color support and DirectX 8.1'),(427,880760,'','Windows 7 SP1 Windows 8.1 Windows 10 32-bit','Intel Core i5-4670k 3.40Ghz or equivalent','4 GB RAM','AMD Radeon HD 7800 (2GB VRAM with Shader Model 5.0 or better)'),(428,880760,'\0','Windows 7 SP1 Windows 8.1 Windows 10 64-bit','Intel Core i7-4770 @ 3.4 GHz or AMD Ryzen 5 1600 @ 3.2 GHz or equivalent','8 GB RAM','Nvidia GeForce GTX 970 or AMD R9 290X (4GB VRAM with Shader Model 5.0 or better)'),(429,674240,'','Windows 95',NULL,'64 MB RAM',NULL),(430,876910,'','Windows XP','1.6 GHZ','2 GB RAM','1024 MB'),(431,804560,'','Windows 7 64','Intel i5-4590AMD FX 8350 或更高','2 GB RAM','Nvidia GeForce GTX970 AMD Radeon R9 290 或更高'),(432,804560,'\0','Windows 7 64','I7-7700K','8 GB RAM','Nvidia GeForce GTX1080'),(433,861850,'','Win 7 32-bit or higher','2.0 ghz or higher','500 MB RAM','500 Megs VRAM'),(434,743920,'','Microsoft Windows 7810 (64-bit)','2.5 GHz or higher','512 MB RAM','OpenGL 2.1-capable graphics card. Minimum supported resolution: 1280x720'),(435,743920,'\0','Microsoft Windows 10 (64-bit)','2.5 GHz or higher','1024 MB RAM','OpenGL 3-capable graphics card.'),(436,844890,'','Windows 7 x86','Core2Duo 2.7 GHz AMD Athlon II 3 GHz','2 GB RAM','nVidia GeForce 8800GT/9600GT IntelHD 4000 NVIDIA GeForce 620M AMD Radeon HD 4650'),(437,844890,'\0','Windows 7 x64 / 8 / 10','Intel Core i5-3570 AMD six-core 35 Ghz (AMD FX 6300)','4 GB RAM','nVidia GeForce GTX 550 Ti GeForce GTX 560M AMD Radeon R7 250'),(438,880590,'','Windows XP','1.6 GHZ','2 GB RAM','512 MB'),(439,461870,'','tba',NULL,NULL,NULL),(440,698230,'','Windows 10 64Bit','Intel i5 equivalent or better (with SSE 4.2 support)','4 GB RAM','DirectX 11.0 compatible videocard with 2GB of video memory'),(441,698230,'\0','Windows 10 64Bit','Intel i7 equivalent or better (with SSE 4.2 support)','4 GB RAM','DirectX 11.1 compatible videocard with 6GB of video memory'),(442,814340,'','Windows 7 8 10 Requires a 64-bit processor and operating system.','Intel Core i5 or AMD equivalent','8 GB RAM','NVIDIA GeForce 1030 or AMD Radeon R7 260'),(443,814340,'\0','Windows 7 8 10 Requires a 64-bit processor and operating system.','Intel Core i5 or AMD equivalent','8 GB RAM','Nvidia GeForce GTX1050 2GB VRAM or more / AMD R9 370 2GB VRAM or more'),(444,861732,'','Windows 7/8/8.1/10','PC with 1.0GHz Intel® Pentium® III equivalent or higher processor','256 MB RAM','1024x768 or better video resolution'),(445,871250,'','Microsoft® Windows® XP / Vista / 7 (32-bit/64-bit)','Intel® Pentium® 4 2.0 GHz equivalent or faster processor','512 MB RAM','1024 x 768 pixels or higher desktop resolution'),(446,871250,'\0',NULL,'Intel® Pentium® 4 2.0 GHz equivalent or faster processor','512 MB RAM',NULL),(447,887580,'',NULL,NULL,'2 GB RAM',NULL),(448,887030,'','Windows 7','2.4 GHz Dual Core','2 GB RAM','Hardware Accelerated Graphics'),(449,887030,'\0','Windows 7','2.4 GHz Dual Core','4 GB RAM','1 GB Video Card'),(450,878640,'','Windows 7','Dual core','512 MB RAM','Supported'),(451,874140,'','Windows XP Vista 7 8 8.1 10','1.0 GHz','1 GB RAM','Intel HD Graphics'),(452,874140,'\0','Windows XP Vista 7 8 8.1 10','2.0 GHz','2 GB RAM','Intel HD Graphics'),(453,867610,'','Windows 7(x64)','2GHz Dual-core CPU','2 GB RAM','1Gb DirectX 9.0c compatible'),(454,455050,'','Windows Vista / Windows 7','3.0 GHz dual core or better','3 GB system RAM',NULL),(455,455050,'\0','Windows Vista / Windows 7 (enhanced for 64-bit OS)','2.4 GHz quad core or better (enhanced for multi-core processors)','4 GB system RAM',NULL),(456,853390,'','Windows XP 7 Vista 10','Intel','10 MB RAM','N/A'),(457,862650,'','Windows 7','2.0 GHz Dual Core','1 GB RAM','NVIDIA Geforce GTS 450 or AMD Radeon HD 6750'),(458,874830,'','Windows 7','DualCore','1024 MB RAM','512mb'),(459,874830,'\0','Windows 10','GTX 560m | HD6870 1GB or equivalent','2048 MB RAM','1024mb'),(460,874740,'','Windows 7 (SP1)','2.0 Ghz Dual-Core CPU','3 GB RAM','ATI Radeon HD 2600 or better / NVIDIA GeForce 8600 or better 512 MB video memory with Shader Model 3 support'),(461,874740,'\0','Windows 7 (SP1) / Windows 8.1 / Windows 10 64-Bit','Intel Core i5 or AMD Quad-Core or better','4 GB RAM','NVIDIA GeForce GTX 260 or AMD Radeon HD 4770 or better (1GB VRAM)'),(462,874730,'','Windows 7 (SP1)','2.0 Ghz Dual-Core CPU','3 GB RAM','ATI Radeon HD 2600 or better / NVIDIA GeForce 8600 or better 512 MB video memory with Shader Model 3 support'),(463,874730,'\0','Windows 7 (SP1) / Windows 8.1 / Windows 10 64-Bit','Intel Core i5 or AMD Quad-Core or better','4 GB RAM','NVIDIA GeForce GTX 260 or AMD Radeon HD 4770 or better (1GB VRAM)'),(464,874750,'','Windows 7 (SP1)','2.0 Ghz Dual-Core CPU','3 GB RAM','ATI Radeon HD 2600 or better / NVIDIA GeForce 8600 or better 512 MB video memory with Shader Model 3 support'),(465,874750,'\0','Windows 7 (SP1) / Windows 8.1 / Windows 10 64-Bit','Intel Core i5 or AMD Quad-Core or better','4 GB RAM','NVIDIA GeForce GTX 260 or AMD Radeon HD 4770 or better (1GB VRAM)'),(466,874710,'','Windows 7 (SP1)','2.0 Ghz Dual-Core CPU','3 GB RAM','ATI Radeon HD 2600 or better / NVIDIA GeForce 8600 or better 512 MB video memory with Shader Model 3 support'),(467,874710,'\0','Windows 7 (SP1) / Windows 8.1 / Windows 10 64-Bit','Intel Core i5 or AMD Quad-Core or better','4 GB RAM','NVIDIA GeForce GTX 260 or AMD Radeon HD 4770 or better (1GB VRAM)'),(468,869280,'','Windows XP','2 GHz','2 GB RAM','Compatible with DirectX 9.0'),(469,774758,'','Windows®  7 / 8.1','2.8 GHz Core 2 Duo (3.2 GHz Core 2 Duo recommended) AMD Athlon MP (multiprocessor variant or comparable processors)','4 GB RAM','Laptop versions of these chipsets may work but are not supported. Updates to your video and sound card drivers may be required'),(470,509400,'','Windows 8 10','2GHz Dual Core CPU','1 GB RAM','1 GB memory'),(471,802130,'','Windows 7','1.8GHz','1 GB RAM','Intel HD 4000 series'),(472,887070,'','Windows 7','Pentium G4560 3.5 GHz Dual-Core','256 MB RAM','Intel HD'),(473,887070,'\0','Windows 10','Pentium G4560 3.5 GHz Dual-Core','512 MB RAM','GTX 1030 2GB'),(474,878250,'','Windows 10 8.1 8 7','Intel® Core 2 Duo','2 GB RAM','DirectX 9.0 Compatible'),(475,878250,'\0','Windows 10 8.1 8 7','Intel® Quad Core','4 GB RAM','DirectX 9.0 Compatible'),(476,878490,'','Windows XP/Windows Vista/Windows 7/8/10','1.6 GHz','256 MB RAM','Intel HD Graphics'),(477,821680,'','Windows 7 x64','AMD or Intel Quad core','8 GB RAM','NVidia GTX 670 AMD Radeon HD 7950 (OpenGL 4.3 OpenCL 1.2 3 GB VRAM 2 TFLOP)'),(478,821680,'\0','Windows 10 x64','Intel i5 Quad-core or equivalent','16 GB RAM','NVidia GTX 970 AMD Radeon R9 280 (OpenGL 4.3 OpenCL 1.2 4 GB VRAM 4 TFLOP)'),(479,859530,'','Windows Vista','2 GHz Dual Core CPU','2 GB RAM','ATI Radeon Geforce with at least 512 MB VRAM'),(480,874410,'','Windows 98 or XP','1 GHz CPU','256 MB RAM','Compatible with DirectX'),(481,877250,'','Windows XP or higher','1200','256 MB RAM','Integrated'),(482,877250,'\0','Windows XP or higher','1200','512 MB RAM','Integrated'),(483,880780,'','Windows XP\\Vista\\7\\8\\10','1.2GHz processor','512 MB RAM','256 MB'),(484,872090,'','Windows XP (SP 23) Vista 7 8 10','1 GHz','1 GB RAM','128mb'),(485,872090,'\0','Windows Vista 7 8 10','3 GHz','2 GB RAM','128 mb'),(486,877370,'','Windows 7','i3 or better','1 GB RAM','No specific requirement as the graphics are pretty basic.'),(487,877370,'\0','Windows 10','i5 or better','2 GB RAM','The fastesterest and strongestest graphic card in existence.'),(488,853120,'','64-bit Windows™ 7 SP1 Windows™ 8.1','Intel™ Core™ i5-4590 equivalent or greater','4 GB RAM','NVIDIA GeForce™ GTX 1060 / GTX 970 or above'),(489,853120,'\0','Window 10','Intel i7 8700k / AMD Ryzen 7 1800X','16 GB RAM','NVIDIA GTX 1070 / AMD Radeon Vega 56'),(490,871870,'','Windows 7/8.1/10 (64-bit versions)','Intel Core i5-2400/AMD FX-8320 or better','4 GB RAM','NVIDIA GTX 670 2GB/AMD Radeon HD 7870 2GB or better'),(491,880480,'','Windows XP\\Vista\\7\\8\\10','1.2 Ghz+','512 MB RAM','Compatible with DirectX 9'),(492,880370,'','Windows XP\\Vista\\7\\8\\10','1.2 Ghz+','512 MB RAM','Compatible with DirectX 9'),(493,884010,'','Windows XP\\Vista\\7\\8\\10','1.2 Ghz+','512 MB RAM','Compatible with DirectX 9'),(494,880570,'','Windows XP\\Vista\\7\\8\\10','1.2 Ghz+','512 MB RAM','Compatible with DirectX 9'),(495,875250,'','Windows XP','Dual Core +','1 GB RAM','512MB +'),(496,793190,'','Windows 10 (64bit) or higher','Intel Core i5- 4590 equivalent or greater','8 GB RAM','GeForce GTX 1060/Radeon RX 580'),(497,793190,'\0','Windows 10 (64bit) or higher','Intel Core i7-7700','8 GB RAM','GetForce GTX 1070'),(498,875190,'','Windows7/8/10',NULL,NULL,NULL),(499,875190,'\0','Windows7/8/10',NULL,NULL,NULL),(500,843370,'','Windows 10','Intel Processor 5th Gen or later','4 GB RAM','Modern graphics card with at least 2GB of dedicated memory'),(501,611710,'','XP and newer','500MHz Pentium 3 Equivalent',NULL,NULL),(502,824820,'','Windows 7','Intel Core 2 or AMD equivalent','1 GB RAM',NULL),(503,824820,'\0','Windows 10','Intel Core I3+ or AMD equivalent recommended for HD 1080p playback','2 GB RAM',NULL),(504,677480,'','Windows 7/8.1/10 (64-bit versions)','Intel Core i5-2400/AMD FX-8320 or better','8 GB RAM','NVIDIA GTX 670 2GB/AMD Radeon HD 7870 2GB or better'),(505,834100,'','Windows 7','1.5 Ghz','1 GB RAM',NULL),(506,874380,'','Windows XP','Core2Duo','512 MB RAM','Intel HD2000'),(507,874380,'\0','Windows 10','QuadCore',NULL,'Intel HD2000 or better'),(508,711960,'','Windows XP',NULL,NULL,NULL),(509,711960,'\0','Windows 10',NULL,NULL,NULL),(510,869930,'','Windows® 7','Intel Core I3','4 GB RAM','NVIDIA GeForce 9 Series'),(511,869930,'\0','Windows® 7','Intel Core I5','6 GB RAM','NVIDIA GeForce 10 Series'),(512,877260,'','Windows XP SP3+ or higher','Dual core','512 MB RAM','Intel HD Graphics'),(513,877260,'\0','Windows 10','QuadCore','2048 MB RAM','Intel HD2000 or better'),(514,876200,'','Windows 7','DualCore','256 MB RAM','any'),(515,876200,'\0','Windows 10','QuadCore','2048 MB RAM','Intel HD2000 or better'),(516,654188,'','Windows 7 64bit','CORE2 DUO 2.2GHZ / AMD Athlon 64 X2 2.66GHz','4 GB RAM','NVIDIA GEFORCE 8600 OR GT630 / RADEON HD 6750'),(517,654188,'\0','Windows 7 64bit','Core i3-4170 or AMD FX-8300','4 GB RAM','NVIDIA GTX 760 or AMD Radeon HD 7950'),(518,876971,'','Windows 7 / Windows 8 / Windows 10','Dual Core 1.6 GHz or better','2 GB RAM','Intel HD Graphics 3000 or equivalent'),(519,876970,'','Windows 7 / Windows 8 / Windows 10','Dual Core 1.6 GHz or better','2 GB RAM','Intel HD Graphics 3000 or equivalent'),(520,875550,'','7','2 ghz','4000 MB RAM','Nvidia Gt3200'),(521,875550,'\0','10','core i5','8000 MB RAM','Ge force 10 1080'),(522,780970,'','win7','2.2 Ghz','512 MB RAM','gt9800'),(523,780970,'\0','win7','2.6  Ghz','512 MB RAM','gt9800'),(524,826190,'','Windows 7','Intel Core 2 or AMD equivalent','1 GB RAM',NULL),(525,826190,'\0','Windows 10','Intel Core I3+ or AMD equivalent recommended for HD 1080p playback','2 GB RAM',NULL),(526,826210,'','Windows 7','Intel Core 2 or AMD equivalent','1 GB RAM',NULL),(527,826210,'\0','Windows 10','Intel Core I3+ or AMD equivalent recommended for HD 1080p playback','2 GB RAM',NULL),(528,735890,'','Windows 7','Intel Core 2 or AMD equivalent','1 GB RAM',NULL),(529,735890,'\0','Windows 10','Intel Core I3+ or AMD equivalent recommended for HD 1080p playback','2 GB RAM',NULL),(530,871490,'','Windows 8.1 or newer','Intel i3-6100/AMD Ryzen 3 1200 FX4350 or greater','8 GB RAM','NVIDIA GTX 1050 Ti / AMD Radeon RX 470 or greater'),(531,871490,'\0','Windows 8.1 or newer','Intel i5-4590/AMD Ryzen 5 1500X or greater','8 GB RAM','NVIDIA GTX 1060 / AMD Radeon RX 480 or greater'),(532,824760,'','Windows 7','1.6 GHz','1 GB RAM','1024x600 resolution'),(533,879330,'','WINDOWS XP / WINDOWS VISTA / WINDOWS 7 / WINDOWS 8 / WINDOWS 10','Any 64 or 32 bit processor','1 GB RAM','DirectX or OpenGL Compatible Video card'),(534,879320,'','WINDOWS XP / WINDOWS VISTA / WINDOWS 7 / WINDOWS 8 / WINDOWS 10','Any 64 or 32 bit processor','1 GB RAM','DirectX or OpenGL Compatible Video card'),(535,879210,'','WINDOWS XP / WINDOWS VISTA / WINDOWS 7 / WINDOWS 8 / WINDOWS 10','Any 64 or 32 bit processor','1 GB RAM','DirectX or OpenGL Compatible Video card'),(536,870750,'','Windows 7','AMD Turion Dual-Core RM-75','1 GB RAM','Nvidia GeForce GTX 650'),(537,774755,'','Windows®  7 / 8.1','2.8 GHz Core 2 Duo (3.2 GHz Core 2 Duo recommended) AMD Athlon MP (multiprocessor variant or comparable processors)','4 GB RAM','Laptop versions of these chipsets may work but are not supported. Updates to your video and sound card drivers may be required'),(538,869680,'','Windows 7','2.0 GHz Dual Core','1 GB RAM',NULL),(539,870450,'','Windows 7','Intel i5 Quad-Core','4 GB RAM','Intel HD 4000 graphics card'),(540,867550,'','Windows 7 SP1 Windows 8.1 or later Windows 10','CPU: Intel i5-4590 AMD FX 8350 equivalent or better','512 MB RAM','Nvidia GeForce GTX 970 AMD Radeon R9 290 equivalent or better'),(541,879180,'','Windows Vista SP1+/7/8/10','x86-compatible 1.8GHz or faster processor SSE2 instruction set support','2 GB RAM','Graphics card with DX10 (shader model 4.0) capabilities'),(542,854710,'','Windows 10/8.1/8/7','Intel Core 2 Duo 2.66GHz AMD Phenom 2.10GHz','2 GB RAM','Intel HD Graphics ATI Radeon HD 5000 NVIDIA GeForce 9500GT'),(543,862560,'','Windows 7/8/10','i5-4210U','4 GB RAM','NVIDIA GeForce 750M'),(544,862560,'\0','Windows 7/8/10','i5-4210U','8 GB RAM','NVIDIA GeForce 840M'),(545,824420,'','Windows 7/8/10','i5-4210U','4 GB RAM','NVIDIA GeForce 750M'),(546,876860,'','Windows 7','2GHz Dual-core CPU','1 GB RAM','512 MB'),(547,654187,'','Windows 7 64bit','CORE2 DUO 2.2GHZ / AMD Athlon 64 X2 2.66GHz','4 GB RAM','NVIDIA GEFORCE 8600 OR GT630 / RADEON HD 6750'),(548,654187,'\0','Windows 7 64bit','Core i3-4170 or AMD FX-8300','4 GB RAM','NVIDIA GTX 760 or AMD Radeon HD 7950'),(549,875510,'','Windows XP 7 8.0 8.1 and 10','Intel® Core™2 Duo Processor @2.0 GHz','2048 MB RAM','GeForce GTX 560'),(550,875510,'\0','Windows XP 7 8.0 8.1 and 10','Intel® Core™ i5 Processor @2.0 GHz','4096 MB RAM','GeForce GTX 1080'),(551,801390,'','Windows 10','Intel i5-4590 equivalent or greater','8 GB RAM','NVIDIA GTX 970 / AMD Radeon R9 290 or greater'),(552,856450,'','Windows XP Vista 7 8 or 10','2GHz+','2 GB RAM','512MB'),(553,870420,'','Microsoft® Windows® XP/Vista/7/8/10 with up-to-date patches and service packs installed','Intel® AMD® or compatible dual-core processor 1.5 GHz','2 GB RAM','Intel® HD Graphics 2000 NVIDIA® GeForce® series 8 and 8M Quadro FX 4800 Quadro FX 5600 AMD Radeon™ R600 Mobility Radeon™ HD 4330 Mobility FirePro™ series Radeon™ R5 M230 or higher graphics card with up-to-date drivers'),(554,873730,'','Windows XP SP3 or later','Intel Core 2 Duo or equivalent','512 MB RAM','DirectX 9.0c compatible video card 512MB'),(555,649890,'','windows 7 8 10',NULL,'4 GB RAM',NULL),(556,649890,'\0',NULL,NULL,'8 GB RAM',NULL),(557,877500,'','Windows 7 8 8.1 10','Intel Pentium 4 2Ghz',NULL,'1024 mb video memory'),(558,877500,'\0','Windows 7 8 8.1 10','Intel Pentium 4 2Ghz',NULL,'1024 mb video memory'),(559,877180,'','32/64-bit Windows 7 / 8.1 / 10','Intel CPU Core i3','1 MB RAM','128 MB VGA VRAM or higher'),(560,860770,'','Windows 7','2.0 GHz Intel','2 GB RAM','NVIDIA® GeForce® 7800 GT or ATI Radeon™ HD 3000+ or better'),(561,820030,'','Windows XP SP3','1500 MHz','512 MB RAM',NULL),(562,547480,'','7','Intel i5-4590 equivalent or greater','8 GB RAM','GTX 9xx-series or equal graphics card'),(563,547480,'\0','10','Intel Core i7 6700K equivalent or greater','16 GB RAM','GTX 10xx-series graphics card or equal'),(564,863730,'','Windows 7',NULL,'4 GB RAM',NULL),(565,887430,'','Any',NULL,NULL,NULL),(566,887430,'\0','Any',NULL,NULL,NULL),(567,835660,'','Windows XP or Later','1.5GHZ +','1 GB RAM','256 MB or Higher'),(568,835660,'\0','Windows 7 or Later','Dual Core 2.0 GHZ','2 GB RAM','512 MB or Higher'),(569,878050,'','Windows 7','Intel Core 2 Duo','2 GB RAM','NVIDIA GTX 450'),(570,878050,'\0','Windows 7 8 10','Intel Core i5','4 GB RAM','NVIDIA GTX 770'),(571,836290,'','7','core 2 duo',NULL,'onboard'),(572,780500,'','Windows 7','2 GHz Dual Core','2 GB RAM',NULL),(573,830490,'','Windows 7810','Intel® Core™ Duo',NULL,'onboard'),(574,836781,'','Windows 7 Windows 8.1 Windows 10 (64bit versions required)','Intel Core i3 560 @ 3.3 GHz or AMD Phenom II X4 945 @ 3.0 GHz','6 GB RAM','NVIDIA GeForce GTX 460 or AMD Radeon HD 5870 (DirectX-11 compliant with 1GB of VRAM)'),(575,836781,'\0','Windows 7 SP1 Windows 8.1 Windows 10 (64bit versions required)','Intel Core i5-2500K @ 3.3 GHz or better or AMD FX-8120 @ 3.1 Ghz or better','8 GB RAM','NVIDIA GeForce GTX 670 (or GTX 760 / GTX 960) or AMD Radeon HD 7970 (or R9 280x 2GB VRAM / R9 380 / Fury X)'),(576,836785,'','Windows 7 Windows 8.1 Windows 10 (64bit versions required)','Intel Core i3 560 @ 3.3 GHz or AMD Phenom II X4 945 @ 3.0 GHz','6 GB RAM','NVIDIA GeForce GTX 460 or AMD Radeon HD 5870 (DirectX-11 compliant with 1GB of VRAM)'),(577,836785,'\0','Windows 7 SP1 Windows 8.1 Windows 10 (64bit versions required)','Intel Core i5-2500K @ 3.3 GHz or better or AMD FX-8120 @ 3.1 Ghz or better','8 GB RAM','NVIDIA GeForce GTX 670 (or GTX 760 / GTX 960) or AMD Radeon HD 7970 (or R9 280x 2GB VRAM / R9 380 / Fury X)'),(578,836750,'','Windows 7 Windows 8.1 Windows 10 (64bit versions required)','Intel Core i3 560 @ 3.3 GHz or AMD Phenom II X4 945 @ 3.0 GHz','6 GB RAM','NVIDIA GeForce GTX 460 or AMD Radeon HD 5870 (DirectX-11 compliant with 1GB of VRAM)'),(579,836750,'\0','Windows 7 SP1 Windows 8.1 Windows 10 (64bit versions required)','Intel Core i5-2500K @ 3.3 GHz or better or AMD FX-8120 @ 3.1 Ghz or better','8 GB RAM','NVIDIA GeForce GTX 670 (or GTX 760 / GTX 960) or AMD Radeon HD 7970 (or R9 280x 2GB VRAM / R9 380 / Fury X)'),(580,836783,'','Windows 7 Windows 8.1 Windows 10 (64bit versions required)','Intel Core i3 560 @ 3.3 GHz or AMD Phenom II X4 945 @ 3.0 GHz','8 GB RAM','NVIDIA GeForce GTX 460 or AMD Radeon HD 5870 (DirectX-11 compliant with 1GB of VRAM)'),(581,836783,'\0','Windows 7 SP1 Windows 8.1 Windows 10 (64bit versions required)','Intel Core i5-2500K @ 3.3 GHz or better or AMD FX-8120 @ 3.1 Ghz or better','8 GB RAM','NVIDIA GeForce GTX 670 (or GTX 760 / GTX 960) or AMD Radeon HD 7970 (or R9 280x 2GB VRAM / R9 380 / Fury X)'),(582,753814,'','Windows Vista Windows 7 Windows 8','2.66 GHz Intel Core2 Duo E6750 or 2.8 GHz AMD Athlon 64 X2 5600+','2 GB RAM','256 MB DirectX 9 / NVIDIA® GeForce® 8600 GT or ATI Radeon™ HD 2600 XT'),(583,753814,'\0','Windows Vista Windows 7 Windows 8','3.1 GHz Intel Core i3-540 or 3.3 GHz Athlon II X3 455','4 GB RAM','512MB Nvidia GT 240 or 512 MB ATI Radeon HD 5670'),(584,445700,'','Windows XP',NULL,'2 GB RAM','Open GL 3.2+ Compliant'),(585,445700,'\0','Windows 7+',NULL,'4 GB RAM','Open GL 3.2+ Compliant'),(586,753813,'','Windows Vista Windows 7 Windows 8','2.66 GHz Intel Core2 Duo E6750 or 2.8 GHz AMD Athlon 64 X2 5600+','2 GB RAM','256 MB DirectX 9 / NVIDIA® GeForce® 8600 GT or ATI Radeon™ HD 2600 XT'),(587,753813,'\0','Windows Vista Windows 7 Windows 8','3.1 GHz Intel Core i3-540 or 3.3 GHz Athlon II X3 455','4 GB RAM','512MB Nvidia GT 240 or 512 MB ATI Radeon HD 5670'),(588,735730,'','Windows XP',NULL,'2 GB RAM','Open GL 3.2+ Compliant'),(589,735730,'\0','Windows 7+',NULL,'4 GB RAM','Open GL 3.2+ Compliant'),(590,753812,'','Windows Vista Windows 7 Windows 8','2.66 GHz Intel Core2 Duo E6750 or 2.8 GHz AMD Athlon 64 X2 5600+','2 GB RAM','256 MB DirectX 9 / NVIDIA® GeForce® 8600 GT or ATI Radeon™ HD 2600 XT'),(591,753812,'\0','Windows Vista Windows 7 Windows 8','3.1 GHz Intel Core i3-540 or 3.3 GHz Athlon II X3 455','4 GB RAM','512MB Nvidia GT 240 or 512 MB ATI Radeon HD 5670'),(592,753811,'','Windows Vista Windows 7 Windows 8','2.66 GHz Intel Core2 Duo E6750 or 2.8 GHz AMD Athlon 64 X2 5600+','2 GB RAM','256 MB DirectX 9 / NVIDIA® GeForce® 8600 GT or ATI Radeon™ HD 2600 XT'),(593,753811,'\0','Windows Vista Windows 7 Windows 8','3.1 GHz Intel Core i3-540 or 3.3 GHz Athlon II X3 455','4 GB RAM','512MB Nvidia GT 240 or 512 MB ATI Radeon HD 5670'),(594,492180,'','Windows 7 / 8.1 / 10','Intel Core i3','4 GB RAM','Intel HD Graphics'),(595,785050,'','Windows 7','1.7 GHz Dual Core','4 GB RAM','Intel HD 3000'),(596,785050,'\0','Windows 10','Intel Core 2 Duo at 2.2 GHz AMD Athlon 64 2.2Ghz','8 GB RAM','Dedicated GPU'),(597,862931,'','Windows 7 or higher','AMD Atholon 64 X2 Dual-Core 4000+ or better / Intel Core 2 Duo Processor 2.0GHz or better','1024 MB RAM','ATI X1800 or better / nVidia 7800 or better / Intel 4100 or better. 512MB Video RAM'),(598,881660,'','Windows 7 64-bit Service Pack 1','Intel CPU Core i3 2100 or equivalent','4 GB RAM','Nvidia GTX 460 or equivalent'),(599,881660,'\0','Windows 10 64-bit','Intel CPU Core i5 2500k or equivalent','8 GB RAM','Nvidia GeForce GTX 970/1060 or equivalent'),(600,793860,'',NULL,'i3-3000 series or better Dual Core CPU. i5 or better recommended.','1 GB RAM','Nvidia GTX460 1GB or AMD HD 6850 or better.'),(601,379555,'','Windows® XP Service Pack 2 or later','2.0 Ghz or higher (single core)','2 GB RAM','DirectX®9 compliant video card or greater 256 MB video RAM or higher Shader Model 1.1 or higher (Laptop versions of these chipsets may work but are not supported. Updates to your video and sound card drivers may be required)'),(602,885520,'','Windows 7x  8x or 10x','1.6 GHz or higher processor','1 GB RAM','Graphics card recommended'),(603,885520,'\0','Windows 7x  8x or 10x','2.0 GHz or higher processor','4 GB RAM','DirectX or OpenGL compatible card.'),(604,886050,'','Windows 7x  8x or 10x','1.6 GHz or higher processor','1 GB RAM','Graphics card recommended'),(605,886050,'\0','Windows 7x  8x or 10x','2.0 GHz or higher processor','4 GB RAM','DirectX or OpenGL compatible card.'),(606,887230,'','Windows 7x  8x or 10x','1.6 GHz or higher processor','1 GB RAM','Graphics card recommended'),(607,887230,'\0','Windows 7x  8x or 10x','2.0 GHz or higher processor','4 GB RAM','DirectX or OpenGL compatible card.'),(608,885490,'','Windows 7x  8x or 10x','1.6 GHz or higher processor','1 GB RAM','Graphics card recommended'),(609,885490,'\0','Windows 7x  8x or 10x','2.0 GHz or higher processor','4 GB RAM','DirectX or OpenGL compatible card.'),(610,885460,'','Windows 7x  8x or 10x','1.6 GHz or higher processor','1 GB RAM','Graphics card recommended'),(611,885460,'\0','Windows 7x  8x or 10x','2.0 GHz or higher processor','4 GB RAM','DirectX or OpenGL compatible card.'),(612,885410,'','Windows 7x  8x or 10x','1.6 GHz or higher processor','1 GB RAM','Graphics card recommended'),(613,885410,'\0','Windows 7x  8x or 10x','2.0 GHz or higher processor','4 GB RAM','DirectX or OpenGL compatible card.'),(614,886150,'','Windows 7x  8x or 10x','1.6 GHz or higher processor','1 GB RAM','Graphics card recommended'),(615,886150,'\0','Windows 7x  8x or 10x','2.0 GHz or higher processor','4 GB RAM','DirectX or OpenGL compatible card.'),(616,684690,'','Windows® 7 64-bit','Intel® Core™ i5 2.5GHz','4 GB RAM','Integrated Graphics'),(617,684690,'\0','Windows® 7 / 8.1 / 10 64-bit','Intel® Core™ i5 3.0GHz','8 GB RAM','GeForce® or Radeon™'),(618,886130,'','Windows 7x  8x or 10x','1.6 GHz or higher processor','1 GB RAM','Graphics card recommended'),(619,886130,'\0','Windows 7x  8x or 10x','2.0 GHz or higher processor','4 GB RAM','DirectX or OpenGL compatible card.'),(620,884730,'','Windows 7 64 bit','Intel Core 2 Duo','4 GB RAM','SM3 512MB VRAM'),(621,884730,'\0','Windows 10 64 bit','Intel Core i5 or newer','4 GB RAM','SM4 1GB VRAM'),(622,720270,'','windows 7 64 Bit sp2+ Windows 8.0 Windows 8.1 Windows 10','Dual Core CPU 2.4 Ghz or better','4 GB RAM','DX11 (shader model 5) GPU 1GB VRam (NVidia GTX 650 / AMD Radeon HD 5830) or better'),(623,720270,'\0','windows 7 64 Bit sp2+ Windows 8.0 Windows 8.1 Windows 10','Core I5 3.0 GHz Quad Core Processor or better','6 GB RAM','DX11 (shader model 5) GPU 2GB VRam (NVidia GTX 680 /  AMD Radeon HD 7970) or better'),(624,871580,'','Windows 7','Core 2 Duo 2.6 ghz','1 GB RAM','GeForce 9600M'),(625,871580,'\0','Windows 10','7th Gen Intel i7','2 GB RAM','Intel Iris Plus'),(626,874430,'','Windows 98 or XP','1 GHz CPU',NULL,'Compatible with DirectX'),(627,874431,'','Windows 98 or XP','1 GHz CPU',NULL,'Compatible with DirectX'),(628,877750,'','XP Vista 7 8 10','Intel Dual-Core 2GHz or AMD Dual-Core 2GHz','6 GB RAM','NVIDIA GeForce 400 series or AMD Radeon HD 6000 series 1GB Video Card (Minimum Shader Model 2.0)'),(629,877750,'\0','XP Vista 7 8 10 - (64 Bit)','Intel Quad-Core (i5 2300) or AMD Octo-Core (FX 8150)','6 GB RAM','NVIDIA GeForce 660Ti or greater AMD Radeon HD 7950 or greater 2GB Video Card (Minimum Shader Model 2.0)'),(630,876920,'','windows xp','not limited','100 MB RAM','not limited'),(631,876920,'\0','windows 7 or higher','not limited','100 MB RAM','anything is ok'),(632,878780,'','Windows 7\\8\\10','Intel Dual-Core 2GHz or AMD Dual-Core 2GHz','2 GB RAM','NVIDIA GeForce 400 series or AMD Radeon HD 6000 series 1GB Video Card (Minimum Shader Model 2.0)'),(633,749780,'','Windows 7 and up','i5 and up','8 GB RAM','GTX 770 and up'),(634,881800,'','Windows 7','Intel Core i5-4590 AMD FX 8350 (equivalent or better)','4 GB RAM','GeForce GTX 970 AMD Radeon R9 290 (equivalent or better)'),(635,831600,'','','','2048 MB RAM',''),(636,831600,'\0','','','4086 MB RAM',''),(637,879090,'','WindowsR 7/8/8.1/10 (32bit/64bit)','Intel Core2 Duo or better','2 GB RAM','DirectX 9/OpenGL 4.1 capable GPU'),(638,752430,'','Windows 10','Core i','2 GB RAM','GeForce 700'),(639,880240,'','Microsoft Windows 7/8/10','Intel Core2Duo or higher','2 GB RAM','Intel HD graphics or higher (VRAM 512MB)'),(640,874010,'','Windows 7 8.1 10','Intel or AMD 2 GHz','2 GB RAM','Any'),(641,745520,'','Windows 7 Windows 10','2.26 GHz dual core','2 GB RAM','Nvidia 9400'),(642,871970,'','XP/Vista/7/8/10','1.6 GHz','1024 MB RAM',NULL),(643,846700,'','XP/Vista/7/8/10','1.6 GHz','1024 MB RAM',NULL),(644,876600,'','Windows XP/Windows Vista/Windows 7/8/10','1.6 GHz','256 MB RAM','Intel HD Graphics'),(645,823600,'','windowsXP SP3/win7/win8/win10','Intel Core Duo 2.0 Ghz or AMD CPU with same capability','2 GB RAM','GT220 9500GT HD4650 or better'),(646,823600,'\0','windowsXP SP3/win7/win8/win10','Intel Quad-Core or AMD CPU with same capability','4 GB RAM','Nvidia Geforce 650 or better'),(647,865200,'','Windows 7','Ryzen 5 or Intel i5 processor','4 GB RAM','Nvidia GeForce GTX 460'),(648,865200,'\0','Windows 10','Ryzen 7 or Intel i7 processor','8 GB RAM','Nvidia GeForce GTX960+'),(649,804644,'','Windows 7 / 8 / 8.1 / 10','Intel Core i5 / i7','4 GB RAM','GeForce GTX 650 / Radeon R7 250 or better'),(650,804643,'','Windows 7 / 8 / 8.1 / 10','Intel Core i5 / i7','4 GB RAM','GeForce GTX 650 / Radeon R7 250 or better'),(651,804641,'','Windows 7 / 8 / 8.1 / 10','Intel Core i5 / i7','4 GB RAM','GeForce GTX 650 / Radeon R7 250 or better'),(652,736260,'','Windows 7','Intel Core i5-421U','200 MB RAM','NVIDIA GeForce 820M'),(653,736260,'\0','Windows 7','Intel Core i5-421U','200 MB RAM','NVIDIA GeForce 820M'),(654,883340,'','Windows Vista SP1+','SSE2 instruction set support',NULL,NULL),(655,868510,'','Windows 7 or above','2.0 GHz Dual Core Processor or better','4 GB RAM','1 GB dedicated video memory'),(656,868510,'\0','Windows 7 or above','2.4GHz Dual Core','6 MB RAM','2 GB dedicated video memory'),(657,884650,'','Any','Any',NULL,'Any'),(658,862430,'','Windows XP','Intel Core 2 Duo or Equivalent','1 GB RAM','Shader Model 2.0'),(659,838770,'','Windows 7 or Newer','2.4 GHz Dual core','2 GB RAM','NVIDIA GTX 260 or ATI 4850'),(660,838770,'\0','Windows 7 or Newer','2.5+ GHz Quad core','4 GB RAM','NVIDIA GTX 660 or better ATI 7950 or better'),(661,877760,'','Windows XP/7/8/8.1/10','1.2 Ghz or faster processor','512 MB RAM','200 MB'),(662,877760,'\0','Windows XP/7/8/8.1/10','2 Ghz','1024 MB RAM','512 MB'),(663,871170,'','Windows 7 SP+ 64 bits or later','Intel Core i5 third generation or later','4 GB RAM','NVIDIA GeForce GTX 750'),(664,871170,'\0','Windows 7 SP+ 64 bits or later','Intel Core i7 series','16 GB RAM','NVIDIA GeForce GTX 1050ti'),(665,866790,'','Windows XP/Windows Vista/Windows 7/Windows 8','1.6 GHz','1024 MB RAM',NULL),(666,869590,'','Windows XP Vista 7 8.1 10','Intel Core 2 Duo (or equivalent)','2048 MB RAM','DirectX11 Compatible GPU with 1024 MB Video RAM'),(667,861320,'','Windows XP Vista 7 8.1 10','Intel Core 2 Duo (or equivalent)','2048 MB RAM','DirectX9 Compatible GPU with 512 MB Video RAM'),(668,669730,'','Windows 7','Intel Core 2 Duo (or equivalent)','2048 MB RAM','with 1024 MB VRAM compatible with DirectX 9'),(669,669730,'\0','Windows 7 or higher','Intel Core i3 (or equivalent)','4096 MB RAM','with 2048 MB VRAM compatible with DirectX 9'),(670,873790,'','Windows 7 SP1 Windows 8.1 Windows 10','Intel I3 or Amd FX-6350 or equivalent','4 GB RAM','NVIDIA GeForce GTX 660 or AMD R9 270'),(671,873790,'\0','Windows 7 SP1 Windows 8.1 Windows 10','Intel I5 ou Amd FX-8350 Or Better','8 GB RAM','NVIDIA GeForce GTX 750 TI or AMD R9 280X or Better'),(672,864380,'','Microsoft® Windows® XP/Vista/7/8/8.1/10','Pentium® 4 1.5 GHz / Athlon® XP','512 MB RAM','DirectX® 9.0c compatible'),(673,864410,'','Microsoft® Windows® XP / Vista','Intel Core 2 Duo (or equivalent)','1024 MB RAM','DirectX9 Compatible GPU with 2048 MB Video RAM'),(674,737760,'','Windows Vista Windows 7 8 und 10 (32 Bit)','Dual Core 2.5 GHZ','2 GB RAM','1 GB and Pixelshader 3.0'),(675,737760,'\0','Windows Vista Windows 7 8  10 (64 Bit)','Quad-Core-CPU  3.2 GHz','8 GB RAM','2 GB and Pixelshader 4.0'),(676,873620,'','Windows 7 / 8 / 10','Core 4 Duo or higher','1 GB RAM',NULL),(677,873620,'\0','Windows 7 / 8 / 10','Core 4 Duo or higher','2 GB RAM',NULL),(678,652660,'','Windows 7 (64-bit) or Newer','Intel Core i3','2 GB RAM','NVidia GeForce GTX 450'),(679,652660,'\0','Windows 7 (64-bit) or Newer','Intel Core i5','4 MB RAM','NVidia GeForce GTX 560'),(680,753270,'','Windows 7','1.5 GHz','100 MB RAM',NULL),(681,753270,'\0','Windows 10','2 GHz','250 MB RAM',NULL),(682,840130,'','Windows XP SP3','2 GHz','2 GB RAM','512 VRAM'),(683,892220,'','Windows 7/8/10','Intel Core 2 Duo or better','2 GB RAM',NULL),(684,813440,'','Windows 10','i5','8 MB RAM','Nvida GTX 1050'),(685,813440,'\0','Windows 10','i7','16 MB RAM','Nvida GTX 1060'),(686,809730,'','Windows 7','2.2GHz Dual Core','1 GB RAM','512MB VRAM'),(687,872360,'','Windows 7/8/10','Intel i3','2 GB RAM','Intel HD Graphics'),(688,858730,'','Windows7','2.4 GHz Dual core','4 GB RAM','NVIDIA GTX 260 or ATI 4850'),(689,875650,'','Windows 7 SP1 Windows 8.1 or Windows 10','Intel® i5-4590 AMD FX 8350 equivalent or better','4 GB RAM','NVIDIA GeForce® GTX 780 AMD Radeon™ R9 290 equivalent or better Video Output: HDMI 1.4 DisplayPort 1.2 or newer'),(690,887450,'','Windows 7','Intel Core2 Duo E8400 3.0GHz or AMD Athlon 64 X2 6000+ 3.0GHz or higher','4 GB RAM','Geforce 9600 GT or AMD HD 3870 512MB or higher'),(691,891035,'','Windows 7','Core 2 duo','150 MB RAM','HD Graphics'),(692,844690,'','Windows 7 64bit','Intel \'i\' series/AMD K10 series introduced 2009 onwards. 2 physical cores 2Ghz 64 bit','4 GB RAM','NVIDIA GT 430 or better/ AMD ATI 5550 or better'),(693,810420,'','Windows XP SP2','SSE2 instruction set support','2 GB RAM','Onboard graphics DX9 (shader model 3.0) or DX11 with feature level 9.3 capabilities.'),(694,810420,'\0','Windows 10',NULL,'4 GB RAM','Dedicated graphics'),(695,536670,'','Windows 10 64 bit','Intel® Core™ m3 AMD Quad-Core 2.5GHz','4 GB RAM','Intel® HD 615 Nvidia GT640 AMD Radeon HD7750 1GB Vram'),(696,856010,'','Windows Vista or Windows 7','Core 2 Duo 2.4 GHz or Althon X2 2.7 GHz','4 GB RAM','NVIDIA GeForce GTX960 /  AMD Radeon RX470'),(697,856010,'\0','64-bit: Vista Win 7 Win 8','Intel Core i5-750 2.67 GHz / AMD Phenom II X4 965 3.4 GHz','8 GB RAM','NVIDIA GeForce GTX 1060 / AMD Radeon RX 480'),(698,763750,'','Windows XP or later','2.3 GHz Dual Core','1 GB RAM','DirectX 9 compatible'),(699,460060,'','Microsoft® Windows® XP SP1','1.5 GHz','1024 MB RAM','128 MB'),(700,881070,'','Windows 7 SP 1 or later','Intel Core i5 4690 or equivalent','8 GB RAM','nVidia GTX 970 or equivalent'),(701,881070,'\0','Windows 10','Intel Core i7 4790 or greater','16 GB RAM','nVidia GTX 980Ti or equivalent'),(702,880890,'','Windows 7 8.1 or 10 (64 Bit)','intel i3 1.8 ghz or higher','4 GB RAM','GeForce GTX 480 or higher'),(703,813970,'','Windows 7','Intel i3 or equivalent','4 GB RAM','Intel HD4000 or equivalent'),(704,813970,'\0',NULL,'Intel i5 or equivalent','8 GB RAM',NULL),(705,853013,'','Microsoft® Windows® XP / Vista / 7 (32-bit/64-bit)','Intel® Pentium® 4 2.0 GHz equivalent or faster processor','512 MB RAM','1024 x 768 pixels or higher desktop resolution'),(706,853013,'\0',NULL,'Intel® Pentium® 4 2.0 GHz equivalent or faster processor','512 MB RAM',NULL),(707,881030,'','Windows 7','Intel Haswell 2 cores / 4 threads @ 2.5Ghz or equivalent','4 GB RAM','NVIDIA GTX 7xx series or equivalent; AMD R9 series or equivalent'),(708,881030,'\0','Windows 10','Intel Haswell 4 cores / 4 threads @ 3.2Ghz or equivalent','16 GB RAM','NVIDIA GTX 10xx series or equivalent; AMD RX series or equivalent'),(709,852994,'','Windows 7/8/8.1/10','PC with 1.0GHz Intel® Pentium® III equivalent or higher processor','256 MB RAM','1024x768 or better video resolution');
/*!40000 ALTER TABLE `tbl_spec` ENABLE KEYS */;
UNLOCK TABLES;

--
-- Table structure for table `tbl_user`
--

DROP TABLE IF EXISTS `tbl_user`;
/*!40101 SET @saved_cs_client     = @@character_set_client */;
/*!40101 SET character_set_client = utf8 */;
CREATE TABLE `tbl_user` (
  `username` varchar(55) NOT NULL,
  `password` varchar(255) DEFAULT NULL,
  `tbl_role_id` int(11) NOT NULL,
  PRIMARY KEY (`username`),
  KEY `fk_tbl_user_tbl_role1_idx` (`tbl_role_id`),
  CONSTRAINT `fk_tbl_user_tbl_role1` FOREIGN KEY (`tbl_role_id`) REFERENCES `tbl_role` (`id`) ON DELETE NO ACTION ON UPDATE NO ACTION
) ENGINE=InnoDB DEFAULT CHARSET=utf8;
/*!40101 SET character_set_client = @saved_cs_client */;

--
-- Dumping data for table `tbl_user`
--

LOCK TABLES `tbl_user` WRITE;
/*!40000 ALTER TABLE `tbl_user` DISABLE KEYS */;
/*!40000 ALTER TABLE `tbl_user` ENABLE KEYS */;
UNLOCK TABLES;

--
-- Dumping routines for database 'gaarma'
--
/*!50003 DROP PROCEDURE IF EXISTS `get_all_games` */;
/*!50003 SET @saved_cs_client      = @@character_set_client */ ;
/*!50003 SET @saved_cs_results     = @@character_set_results */ ;
/*!50003 SET @saved_col_connection = @@collation_connection */ ;
/*!50003 SET character_set_client  = utf8 */ ;
/*!50003 SET character_set_results = utf8 */ ;
/*!50003 SET collation_connection  = utf8_general_ci */ ;
/*!50003 SET @saved_sql_mode       = @@sql_mode */ ;
/*!50003 SET sql_mode              = 'STRICT_TRANS_TABLES,NO_AUTO_CREATE_USER,NO_ENGINE_SUBSTITUTION' */ ;
DELIMITER ;;
CREATE DEFINER=`root`@`localhost` PROCEDURE `get_all_games`(page_size int, current_page int, category_id varchar(255))
BEGIN
SET @page_size = page_size;
SET @current_page = current_page;
SET @category_id = category_id;

PREPARE stmt FROM "SELECT a.* FROM tbl_game a INNER JOIN (
SELECT * FROM tbl_game_has_tbl_game_tag a INNER JOIN (
SELECT b.id 
FROM 
(SELECT * FROM tbl_game_category WHERE id LIKE ?) a
 INNER JOIN tbl_game_tag b ON a.id = b.tbl_game_category_id) 
 b ON a.tbl_game_tag_id = b.id )
 b ON a.id = b.tbl_game_id limit ?,?;";
EXECUTE stmt USING  @category_id, @current_page, @page_size;
DEALLOCATE PREPARE stmt;

END ;;
DELIMITER ;
/*!50003 SET sql_mode              = @saved_sql_mode */ ;
/*!50003 SET character_set_client  = @saved_cs_client */ ;
/*!50003 SET character_set_results = @saved_cs_results */ ;
/*!50003 SET collation_connection  = @saved_col_connection */ ;
/*!50003 DROP PROCEDURE IF EXISTS `get_all_gears` */;
/*!50003 SET @saved_cs_client      = @@character_set_client */ ;
/*!50003 SET @saved_cs_results     = @@character_set_results */ ;
/*!50003 SET @saved_col_connection = @@collation_connection */ ;
/*!50003 SET character_set_client  = utf8 */ ;
/*!50003 SET character_set_results = utf8 */ ;
/*!50003 SET collation_connection  = utf8_general_ci */ ;
/*!50003 SET @saved_sql_mode       = @@sql_mode */ ;
/*!50003 SET sql_mode              = 'STRICT_TRANS_TABLES,NO_AUTO_CREATE_USER,NO_ENGINE_SUBSTITUTION' */ ;
DELIMITER ;;
CREATE DEFINER=`root`@`localhost` PROCEDURE `get_all_gears`(page_size int, current_page int, category_id varchar(255))
BEGIN
SET @page_size = page_size;
SET @current_page = current_page;
SET @category_id = category_id;

PREPARE stmt FROM "SELECT a.* FROM tbl_gear a INNER JOIN (
SELECT b.tbl_gear_id 
FROM 
(SELECT * FROM tbl_gear_category WHERE id LIKE ?) a
 INNER JOIN tbl_gear_has_tbl_gear_category b ON a.id = b.tbl_gear_category_id) 
 b ON a.id = b.tbl_gear_id limit ?,?;";
EXECUTE stmt USING  @category_id, @current_page, @page_size;
DEALLOCATE PREPARE stmt;

END ;;
DELIMITER ;
/*!50003 SET sql_mode              = @saved_sql_mode */ ;
/*!50003 SET character_set_client  = @saved_cs_client */ ;
/*!50003 SET character_set_results = @saved_cs_results */ ;
/*!50003 SET collation_connection  = @saved_col_connection */ ;
/*!40103 SET TIME_ZONE=@OLD_TIME_ZONE */;

/*!40101 SET SQL_MODE=@OLD_SQL_MODE */;
/*!40014 SET FOREIGN_KEY_CHECKS=@OLD_FOREIGN_KEY_CHECKS */;
/*!40014 SET UNIQUE_CHECKS=@OLD_UNIQUE_CHECKS */;
/*!40101 SET CHARACTER_SET_CLIENT=@OLD_CHARACTER_SET_CLIENT */;
/*!40101 SET CHARACTER_SET_RESULTS=@OLD_CHARACTER_SET_RESULTS */;
/*!40101 SET COLLATION_CONNECTION=@OLD_COLLATION_CONNECTION */;
/*!40111 SET SQL_NOTES=@OLD_SQL_NOTES */;

-- Dump completed on 2018-07-07 21:11:37
